Watching for file changes with StatReloader
Not Found: /
"GET / HTTP/1.1" 404 3117
"GET /api/schema/ HTTP/1.1" 200 21773
"GET /api/swagger/ HTTP/1.1" 200 4653
"GET /api/schema/ HTTP/1.1" 200 45617
Watching for file changes with StatReloader
Watching for file changes with StatReloader
Not Found: /v1/api/show
Not Found: /v1/api/show
"POST /v1/api/show HTTP/1.1" 404 3174
"POST /v1/api/show HTTP/1.1" 404 3174
Not Found: /
"GET / HTTP/1.1" 404 3122
"GET /admin/ HTTP/1.1" 302 0
"GET /admin/login/?next=/admin/ HTTP/1.1" 200 4284
"GET /static/admin/css/login.css HTTP/1.1" 200 958
"GET /static/admin/css/dark_mode.css HTTP/1.1" 200 2929
"GET /static/admin/css/nav_sidebar.css HTTP/1.1" 200 2694
"GET /static/admin/css/responsive.css HTTP/1.1" 200 18559
"GET /static/admin/js/theme.js HTTP/1.1" 200 1943
"GET /static/admin/js/nav_sidebar.js HTTP/1.1" 200 3063
"GET /static/admin/css/base.css HTTP/1.1" 200 21310
"POST /admin/login/?next=/admin/ HTTP/1.1" 200 4564
"GET /admin/login/?next=/admin/ HTTP/1.1" 200 4284
Not Found: /v1/api/show
Not Found: /v1/api/show
"POST /v1/api/show HTTP/1.1" 404 3174
"POST /v1/api/show HTTP/1.1" 404 3174
Unauthorized: /api/courses/
Unauthorized: /api/subjects/
Unauthorized: /api/courses/
Unauthorized: /api/subjects/
Unauthorized: /api/aitmatov/themes/
Unauthorized: /api/aitmatov/themes/
"GET /api/courses/ HTTP/1.1" 401 130
"GET /api/subjects/ HTTP/1.1" 401 130
"GET /api/courses/ HTTP/1.1" 401 130
"GET /api/subjects/ HTTP/1.1" 401 130
"GET /api/aitmatov/themes/ HTTP/1.1" 401 130
"GET /api/aitmatov/themes/ HTTP/1.1" 401 130
Unauthorized: /api/courses/
Unauthorized: /api/subjects/
Unauthorized: /api/courses/
Unauthorized: /api/subjects/
"GET /api/courses/ HTTP/1.1" 401 130
"GET /api/subjects/ HTTP/1.1" 401 130
"GET /api/courses/ HTTP/1.1" 401 130
"GET /api/subjects/ HTTP/1.1" 401 130
Unauthorized: /api/aitmatov/themes/
Unauthorized: /api/aitmatov/themes/
"GET /api/aitmatov/themes/ HTTP/1.1" 401 130
"GET /api/aitmatov/themes/ HTTP/1.1" 401 130
"OPTIONS /api/auth/signup/ HTTP/1.1" 200 0
"OPTIONS /api/auth/signup/ HTTP/1.1" 200 0
Not Found: /v1/api/show
Not Found: /v1/api/show
"POST /v1/api/show HTTP/1.1" 404 3174
"POST /v1/api/show HTTP/1.1" 404 3174
Not Found: /v1/api/show
"POST /v1/api/show HTTP/1.1" 404 3174
Not Found: /v1/api/show
"POST /v1/api/show HTTP/1.1" 404 3174
"OPTIONS /api/auth/signup/ HTTP/1.1" 200 0
Unauthorized: /api/courses/
Unauthorized: /api/subjects/
Unauthorized: /api/subjects/
Unauthorized: /api/courses/
"GET /api/courses/ HTTP/1.1" 401 130
"GET /api/subjects/ HTTP/1.1" 401 130
"GET /api/courses/ HTTP/1.1" 401 130
"GET /api/subjects/ HTTP/1.1" 401 130
/app/aitmatov_digital/urls.py changed, reloading.
Watching for file changes with StatReloader
Invalid HTTP_HOST header: '10.200.86.212'. You may need to add '10.200.86.212' to ALLOWED_HOSTS.
Traceback (most recent call last):
  File "/usr/local/lib/python3.11/site-packages/django/core/handlers/exception.py", line 55, in inner
    response = get_response(request)
               ^^^^^^^^^^^^^^^^^^^^^
  File "/usr/local/lib/python3.11/site-packages/django/utils/deprecation.py", line 133, in __call__
    response = self.process_request(request)
               ^^^^^^^^^^^^^^^^^^^^^^^^^^^^^
  File "/usr/local/lib/python3.11/site-packages/django/middleware/common.py", line 48, in process_request
    host = request.get_host()
           ^^^^^^^^^^^^^^^^^^
  File "/usr/local/lib/python3.11/site-packages/django/http/request.py", line 151, in get_host
    raise DisallowedHost(msg)
django.core.exceptions.DisallowedHost: Invalid HTTP_HOST header: '10.200.86.212'. You may need to add '10.200.86.212' to ALLOWED_HOSTS.
"GET / HTTP/1.1" 400 65831
Invalid HTTP_HOST header: '10.200.86.212'. You may need to add '10.200.86.212' to ALLOWED_HOSTS.
Traceback (most recent call last):
  File "/usr/local/lib/python3.11/site-packages/django/core/handlers/exception.py", line 55, in inner
    response = get_response(request)
               ^^^^^^^^^^^^^^^^^^^^^
  File "/usr/local/lib/python3.11/site-packages/django/utils/deprecation.py", line 133, in __call__
    response = self.process_request(request)
               ^^^^^^^^^^^^^^^^^^^^^^^^^^^^^
  File "/usr/local/lib/python3.11/site-packages/django/middleware/common.py", line 48, in process_request
    host = request.get_host()
           ^^^^^^^^^^^^^^^^^^
  File "/usr/local/lib/python3.11/site-packages/django/http/request.py", line 151, in get_host
    raise DisallowedHost(msg)
django.core.exceptions.DisallowedHost: Invalid HTTP_HOST header: '10.200.86.212'. You may need to add '10.200.86.212' to ALLOWED_HOSTS.
"GET /favicon.ico HTTP/1.1" 400 65957
Invalid HTTP_HOST header: '10.200.86.212'. You may need to add '10.200.86.212' to ALLOWED_HOSTS.
Traceback (most recent call last):
  File "/usr/local/lib/python3.11/site-packages/django/core/handlers/exception.py", line 55, in inner
    response = get_response(request)
               ^^^^^^^^^^^^^^^^^^^^^
  File "/usr/local/lib/python3.11/site-packages/django/utils/deprecation.py", line 133, in __call__
    response = self.process_request(request)
               ^^^^^^^^^^^^^^^^^^^^^^^^^^^^^
  File "/usr/local/lib/python3.11/site-packages/django/middleware/common.py", line 48, in process_request
    host = request.get_host()
           ^^^^^^^^^^^^^^^^^^
  File "/usr/local/lib/python3.11/site-packages/django/http/request.py", line 151, in get_host
    raise DisallowedHost(msg)
django.core.exceptions.DisallowedHost: Invalid HTTP_HOST header: '10.200.86.212'. You may need to add '10.200.86.212' to ALLOWED_HOSTS.
"GET / HTTP/1.1" 400 65831
Watching for file changes with StatReloader
Invalid HTTP_HOST header: 'b7f2-46-251-198-120.ngrok-free.app'. You may need to add 'b7f2-46-251-198-120.ngrok-free.app' to ALLOWED_HOSTS.
Traceback (most recent call last):
  File "/usr/local/lib/python3.11/site-packages/django/core/handlers/exception.py", line 55, in inner
    response = get_response(request)
               ^^^^^^^^^^^^^^^^^^^^^
  File "/usr/local/lib/python3.11/site-packages/django/utils/deprecation.py", line 133, in __call__
    response = self.process_request(request)
               ^^^^^^^^^^^^^^^^^^^^^^^^^^^^^
  File "/usr/local/lib/python3.11/site-packages/django/middleware/common.py", line 48, in process_request
    host = request.get_host()
           ^^^^^^^^^^^^^^^^^^
  File "/usr/local/lib/python3.11/site-packages/django/http/request.py", line 151, in get_host
    raise DisallowedHost(msg)
django.core.exceptions.DisallowedHost: Invalid HTTP_HOST header: 'b7f2-46-251-198-120.ngrok-free.app'. You may need to add 'b7f2-46-251-198-120.ngrok-free.app' to ALLOWED_HOSTS.
"GET / HTTP/1.1" 400 67320
Invalid HTTP_HOST header: 'b7f2-46-251-198-120.ngrok-free.app'. You may need to add 'b7f2-46-251-198-120.ngrok-free.app' to ALLOWED_HOSTS.
Traceback (most recent call last):
  File "/usr/local/lib/python3.11/site-packages/django/core/handlers/exception.py", line 55, in inner
    response = get_response(request)
               ^^^^^^^^^^^^^^^^^^^^^
  File "/usr/local/lib/python3.11/site-packages/django/utils/deprecation.py", line 133, in __call__
    response = self.process_request(request)
               ^^^^^^^^^^^^^^^^^^^^^^^^^^^^^
  File "/usr/local/lib/python3.11/site-packages/django/middleware/common.py", line 48, in process_request
    host = request.get_host()
           ^^^^^^^^^^^^^^^^^^
  File "/usr/local/lib/python3.11/site-packages/django/http/request.py", line 151, in get_host
    raise DisallowedHost(msg)
django.core.exceptions.DisallowedHost: Invalid HTTP_HOST header: 'b7f2-46-251-198-120.ngrok-free.app'. You may need to add 'b7f2-46-251-198-120.ngrok-free.app' to ALLOWED_HOSTS.
"GET /favicon.ico HTTP/1.1" 400 67340
Watching for file changes with StatReloader
Invalid HTTP_HOST header: 'b7f2-46-251-198-120.ngrok-free.app'. You may need to add 'b7f2-46-251-198-120.ngrok-free.app' to ALLOWED_HOSTS.
Traceback (most recent call last):
  File "/usr/local/lib/python3.11/site-packages/django/core/handlers/exception.py", line 55, in inner
    response = get_response(request)
               ^^^^^^^^^^^^^^^^^^^^^
  File "/usr/local/lib/python3.11/site-packages/django/utils/deprecation.py", line 133, in __call__
    response = self.process_request(request)
               ^^^^^^^^^^^^^^^^^^^^^^^^^^^^^
  File "/usr/local/lib/python3.11/site-packages/django/middleware/common.py", line 48, in process_request
    host = request.get_host()
           ^^^^^^^^^^^^^^^^^^
  File "/usr/local/lib/python3.11/site-packages/django/http/request.py", line 151, in get_host
    raise DisallowedHost(msg)
django.core.exceptions.DisallowedHost: Invalid HTTP_HOST header: 'b7f2-46-251-198-120.ngrok-free.app'. You may need to add 'b7f2-46-251-198-120.ngrok-free.app' to ALLOWED_HOSTS.
"GET / HTTP/1.1" 400 67320
Invalid HTTP_HOST header: 'b7f2-46-251-198-120.ngrok-free.app'. You may need to add 'b7f2-46-251-198-120.ngrok-free.app' to ALLOWED_HOSTS.
Traceback (most recent call last):
  File "/usr/local/lib/python3.11/site-packages/django/core/handlers/exception.py", line 55, in inner
    response = get_response(request)
               ^^^^^^^^^^^^^^^^^^^^^
  File "/usr/local/lib/python3.11/site-packages/django/utils/deprecation.py", line 133, in __call__
    response = self.process_request(request)
               ^^^^^^^^^^^^^^^^^^^^^^^^^^^^^
  File "/usr/local/lib/python3.11/site-packages/django/middleware/common.py", line 48, in process_request
    host = request.get_host()
           ^^^^^^^^^^^^^^^^^^
  File "/usr/local/lib/python3.11/site-packages/django/http/request.py", line 151, in get_host
    raise DisallowedHost(msg)
django.core.exceptions.DisallowedHost: Invalid HTTP_HOST header: 'b7f2-46-251-198-120.ngrok-free.app'. You may need to add 'b7f2-46-251-198-120.ngrok-free.app' to ALLOWED_HOSTS.
"GET / HTTP/1.1" 400 67320
Watching for file changes with StatReloader
Watching for file changes with StatReloader
Not Found: /
"HEAD / HTTP/1.1" 404 0
Not Found: /
"HEAD / HTTP/1.1" 404 0
Not Found: /
"HEAD / HTTP/1.1" 404 0
Not Found: /
"GET / HTTP/1.1" 404 3221
Not Found: /v1/api/show
Not Found: /v1/api/show
Not Found: /v1/api/show
Not Found: /v1/api/show
"POST /v1/api/show HTTP/1.1" 404 3278
"POST /v1/api/show HTTP/1.1" 404 3278
"POST /v1/api/show HTTP/1.1" 404 3278
"POST /v1/api/show HTTP/1.1" 404 3278
Not Found: /v1/api/show
Not Found: /v1/api/show
Not Found: /v1/api/show
Not Found: /v1/api/show
"POST /v1/api/show HTTP/1.1" 404 3278
"POST /v1/api/show HTTP/1.1" 404 3278
"POST /v1/api/show HTTP/1.1" 404 3278
"POST /v1/api/show HTTP/1.1" 404 3278
Not Found: /v1/api/show
Not Found: /v1/api/show
"POST /v1/api/show HTTP/1.1" 404 3278
Not Found: /v1/api/show
"POST /v1/api/show HTTP/1.1" 404 3278
"POST /v1/api/show HTTP/1.1" 404 3278
Not Found: /v1/api/show
"POST /v1/api/show HTTP/1.1" 404 3278
Not Found: /v1/api/show
Not Found: /v1/api/show
Not Found: /v1/api/show
Not Found: /v1/api/show
"POST /v1/api/show HTTP/1.1" 404 3278
"POST /v1/api/show HTTP/1.1" 404 3278
"POST /v1/api/show HTTP/1.1" 404 3278
"POST /v1/api/show HTTP/1.1" 404 3278
Not Found: /v1/api/show
Not Found: /v1/api/show
Not Found: /v1/api/show
"POST /v1/api/show HTTP/1.1" 404 3278
Not Found: /v1/api/show
"POST /v1/api/show HTTP/1.1" 404 3278
"POST /v1/api/show HTTP/1.1" 404 3278
"POST /v1/api/show HTTP/1.1" 404 3278
Not Found: /api/fridge/products/
Not Found: /api/auth/profile/
"GET /api/auth/profile/ HTTP/1.1" 404 4000
"GET /api/fridge/products/ HTTP/1.1" 404 3560
Not Found: /api/recipes/
"GET /api/recipes/ HTTP/1.1" 404 3536
Not Found: /v1/api/show
Not Found: /v1/api/show
Not Found: /v1/api/show
Not Found: /v1/api/show
"POST /v1/api/show HTTP/1.1" 404 3278
"POST /v1/api/show HTTP/1.1" 404 3278
"POST /v1/api/show HTTP/1.1" 404 3278
"POST /v1/api/show HTTP/1.1" 404 3278
"GET /admin HTTP/1.1" 301 0
"GET /admin/ HTTP/1.1" 302 0
"GET /admin/login/?next=/admin/ HTTP/1.1" 200 4284
"GET /api/swagger/ HTTP/1.1" 200 4653
"GET /api/schema/ HTTP/1.1" 200 46322
Not Found: /v1/api/show
"POST /v1/api/show HTTP/1.1" 404 3278
Not Found: /v1/api/show
Not Found: /v1/api/show
Not Found: /v1/api/show
"POST /v1/api/show HTTP/1.1" 404 3278
"POST /v1/api/show HTTP/1.1" 404 3278
"POST /v1/api/show HTTP/1.1" 404 3278
Not Found: /v1/api/show
Not Found: /v1/api/show
Not Found: /v1/api/show
Not Found: /v1/api/show
"POST /v1/api/show HTTP/1.1" 404 3278
"POST /v1/api/show HTTP/1.1" 404 3278
"POST /v1/api/show HTTP/1.1" 404 3278
"POST /v1/api/show HTTP/1.1" 404 3278
Not Found: /v1/api/show
Not Found: /v1/api/show
Not Found: /v1/api/show
"POST /v1/api/show HTTP/1.1" 404 3278
Not Found: /v1/api/show
"POST /v1/api/show HTTP/1.1" 404 3278
"POST /v1/api/show HTTP/1.1" 404 3278
"POST /v1/api/show HTTP/1.1" 404 3278
Not Found: /v1/api/show
Not Found: /v1/api/show
Not Found: /v1/api/show
Not Found: /v1/api/show
"POST /v1/api/show HTTP/1.1" 404 3278
"POST /v1/api/show HTTP/1.1" 404 3278
"POST /v1/api/show HTTP/1.1" 404 3278
"POST /v1/api/show HTTP/1.1" 404 3278
/app/aitmatov_digital/urls.py changed, reloading.
Watching for file changes with StatReloader
/app/aitmatov_digital/urls.py changed, reloading.
Watching for file changes with StatReloader
Watching for file changes with StatReloader
Not Found: /
"GET / HTTP/1.1" 404 3884
Not Found: /
"GET / HTTP/1.1" 404 3890
Not Found: /
"GET / HTTP/1.1" 404 3885
Method Not Allowed: /v1/auth/signup/
"GET /v1/auth/signup/ HTTP/1.1" 405 102
Not Found: /
"GET / HTTP/1.1" 404 3885
"POST /api/auth/signup/ HTTP/1.1" 201 136
Bad Request: /api/auth/signup/
"POST /api/auth/signup/ HTTP/1.1" 400 172
Watching for file changes with StatReloader
Bad Request: /v1/auth/signup/
"POST /v1/auth/signup/ HTTP/1.1" 400 105
"POST /v1/auth/signup/ HTTP/1.1" 201 130
Bad Request: /v1/auth/signup/
"POST /v1/auth/signup/ HTTP/1.1" 400 172
"POST /api/auth/signup/ HTTP/1.1" 201 136
Bad Request: /api/auth/login/
"POST /api/auth/login/ HTTP/1.1" 400 94
"GET /admin HTTP/1.1" 301 0
"GET /admin/ HTTP/1.1" 302 0
"GET /admin/login/?next=/admin/ HTTP/1.1" 200 4284
"POST /admin/login/?next=/admin/ HTTP/1.1" 200 4577
"POST /api/auth/signup/ HTTP/1.1" 201 134
"POST /admin/login/?next=/admin/ HTTP/1.1" 302 0
"GET /admin/ HTTP/1.1" 200 9528
"GET /admin/ HTTP/1.1" 200 9528
"GET /admin/courses/course/ HTTP/1.1" 200 11514
"GET /admin/jsi18n/ HTTP/1.1" 200 16066
"GET /admin/courses/course/add/ HTTP/1.1" 200 28267
"GET /admin/jsi18n/ HTTP/1.1" 200 16066
/app/aitmatov_digital/urls.py changed, reloading.
Watching for file changes with StatReloader
"GET /admin/ HTTP/1.1" 200 9528
Not Found: /v1/swagger
"GET /v1/swagger HTTP/1.1" 404 4060
"GET /api/swagger/ HTTP/1.1" 200 4653
"GET /api/schema/ HTTP/1.1" 200 62474
"GET /api/schema/ HTTP/1.1" 200 29223
"GET /admin/users/user/ HTTP/1.1" 200 16652
"GET /admin/jsi18n/ HTTP/1.1" 200 16066
"GET /admin/users/user/3/change/ HTTP/1.1" 200 27388
"GET /admin/jsi18n/ HTTP/1.1" 200 16066
"GET /admin/ HTTP/1.1" 200 9528
"POST /api/auth/login/ HTTP/1.1" 200 489
"GET /api/users/me/ HTTP/1.1" 200 169
"GET /admin/courses/course/ HTTP/1.1" 200 11514
"GET /admin/jsi18n/ HTTP/1.1" 200 16066
"GET /admin/courses/course/add/ HTTP/1.1" 200 28267
"GET /admin/jsi18n/ HTTP/1.1" 200 16066
"GET /admin/autocomplete/?app_label=courses&model_name=course&field_name=subject HTTP/1.1" 200 46
"GET /admin/autocomplete/?app_label=courses&model_name=course&field_name=subject HTTP/1.1" 200 46
"GET /admin/autocomplete/?term=qwerty&app_label=courses&model_name=course&field_name=subject HTTP/1.1" 200 46
"GET /admin/autocomplete/?term=&app_label=courses&model_name=course&field_name=subject HTTP/1.1" 200 46
"GET /admin/autocomplete/?term=f&app_label=courses&model_name=course&field_name=subject HTTP/1.1" 200 46
"GET /admin/autocomplete/?term=fi&app_label=courses&model_name=course&field_name=subject HTTP/1.1" 200 46
"GET /admin/autocomplete/?term=fiz&app_label=courses&model_name=course&field_name=subject HTTP/1.1" 200 46
"GET /admin/autocomplete/?term=fizik&app_label=courses&model_name=course&field_name=subject HTTP/1.1" 200 46
"GET /admin/subjects/subject/add/?_to_field=id&_popup=1 HTTP/1.1" 200 7946
"GET /admin/jsi18n/ HTTP/1.1" 200 16066
"POST /admin/subjects/subject/add/?_to_field=id&_popup=1 HTTP/1.1" 200 397
"GET /admin/autocomplete/?app_label=courses&model_name=course&field_name=subject HTTP/1.1" 200 105
"GET /admin/autocomplete/?app_label=courses&model_name=course&field_name=teacher HTTP/1.1" 200 263
"GET /admin/autocomplete/?app_label=courses&model_name=course&field_name=aitmatov_theme HTTP/1.1" 200 46
"POST /admin/courses/course/add/ HTTP/1.1" 302 0
"GET /admin/courses/course/ HTTP/1.1" 200 14669
"GET /admin/jsi18n/ HTTP/1.1" 200 16066
"GET /api/subjects/ HTTP/1.1" 200 135
"GET /api/courses/ HTTP/1.1" 200 366
"GET /api/courses/ HTTP/1.1" 200 366
"GET /api/courses/ HTTP/1.1" 200 366
"GET /admin/courses/lesson/ HTTP/1.1" 200 14882
"GET /admin/jsi18n/ HTTP/1.1" 200 16066
"GET /admin/courses/lesson/add/ HTTP/1.1" 200 16641
"GET /admin/jsi18n/ HTTP/1.1" 200 16066
"GET /admin/courses/course/ HTTP/1.1" 200 14460
"GET /admin/jsi18n/ HTTP/1.1" 200 16066
"GET /admin/courses/course/1/change/ HTTP/1.1" 200 31909
"GET /admin/jsi18n/ HTTP/1.1" 200 16066
"GET /admin/courses/course/ HTTP/1.1" 200 14460
"GET /admin/jsi18n/ HTTP/1.1" 200 16066
"GET /admin/courses/course/add/ HTTP/1.1" 200 28267
"GET /admin/jsi18n/ HTTP/1.1" 200 16066
"GET /admin/autocomplete/?app_label=courses&model_name=course&field_name=subject HTTP/1.1" 200 105
"GET /admin/subjects/subject/add/?_to_field=id&_popup=1 HTTP/1.1" 200 7946
"GET /admin/jsi18n/ HTTP/1.1" 200 16066
"POST /admin/subjects/subject/add/?_to_field=id&_popup=1 HTTP/1.1" 200 371
"GET /admin/autocomplete/?app_label=courses&model_name=course&field_name=teacher HTTP/1.1" 200 263
"GET /admin/autocomplete/?app_label=courses&model_name=course&field_name=aitmatov_theme HTTP/1.1" 200 46
"GET /admin/aitmatov/aitmatovtheme/add/?_to_field=id&_popup=1 HTTP/1.1" 200 7850
"GET /admin/jsi18n/ HTTP/1.1" 200 16066
"POST /admin/courses/course/add/ HTTP/1.1" 302 0
"GET /admin/courses/course/ HTTP/1.1" 200 15578
"GET /admin/jsi18n/ HTTP/1.1" 200 16066
"GET /api/subjects/ HTTP/1.1" 200 798
"GET /api/courses/ HTTP/1.1" 200 1806
"GET /api/courses/ HTTP/1.1" 200 1806
"GET /api/courses/ HTTP/1.1" 200 1806
"GET /api/courses/ HTTP/1.1" 200 1806
"GET /api/subjects/ HTTP/1.1" 200 798
"GET /api/courses/ HTTP/1.1" 200 1806
"GET /admin/subjects/subject/ HTTP/1.1" 200 13580
"GET /admin/jsi18n/ HTTP/1.1" 200 16066
"GET /api/courses/ HTTP/1.1" 200 1806
"GET /admin/subjects/subject/2/change/ HTTP/1.1" 200 15395
"GET /admin/jsi18n/ HTTP/1.1" 200 16066
"GET /admin/courses/course/ HTTP/1.1" 200 15373
"GET /admin/jsi18n/ HTTP/1.1" 200 16066
"GET /admin/courses/lesson/ HTTP/1.1" 200 15875
"GET /admin/jsi18n/ HTTP/1.1" 200 16066
"GET /admin/courses/lesson/add/ HTTP/1.1" 200 16674
"GET /admin/jsi18n/ HTTP/1.1" 200 16066
"POST /admin/courses/lesson/add/ HTTP/1.1" 302 0
"GET /admin/courses/lesson/ HTTP/1.1" 200 16582
"GET /admin/jsi18n/ HTTP/1.1" 200 16066
"GET /api/courses/ HTTP/1.1" 200 1806
"GET /api/subjects/ HTTP/1.1" 200 798
"GET /api/courses/ HTTP/1.1" 200 1806
"GET /api/courses/ HTTP/1.1" 200 1806
"GET /admin/courses/lesson/3/change/ HTTP/1.1" 200 16945
"GET /admin/jsi18n/ HTTP/1.1" 200 16066
"POST /admin/courses/lesson/3/change/ HTTP/1.1" 302 0
"GET /admin/courses/lesson/ HTTP/1.1" 200 16592
"GET /admin/jsi18n/ HTTP/1.1" 200 16066
"GET /api/courses/ HTTP/1.1" 200 1806
"GET /api/courses/ HTTP/1.1" 200 1806
"GET /api/subjects/ HTTP/1.1" 200 798
"GET /api/courses/ HTTP/1.1" 200 1806
"GET /api/courses/ HTTP/1.1" 200 1806
"GET /api/subjects/ HTTP/1.1" 200 798
"GET /api/courses/ HTTP/1.1" 200 1806
"GET /api/courses/2/ HTTP/1.1" 200 2095
"GET /api/courses/2/lessons/ HTTP/1.1" 200 614
"GET /api/courses/ HTTP/1.1" 200 1806
"GET /api/courses/ HTTP/1.1" 200 1806
"GET /api/courses/1/ HTTP/1.1" 200 690
"GET /api/courses/1/lessons/ HTTP/1.1" 200 334
"POST /api/progress/ HTTP/1.1" 201 53
"GET /api/aitmatov/themes/ HTTP/1.1" 200 52
"GET /api/aitmatov/themes/ HTTP/1.1" 200 52
"GET /api/courses/ HTTP/1.1" 200 1806
"GET /api/courses/1/ HTTP/1.1" 200 690
"GET /api/courses/1/lessons/ HTTP/1.1" 200 334
"GET /api/courses/1/ HTTP/1.1" 200 690
"GET /api/courses/1/lessons/ HTTP/1.1" 200 334
"GET /admin/courses/course/ HTTP/1.1" 200 15373
"GET /admin/jsi18n/ HTTP/1.1" 200 16066
"GET /admin/courses/course/add/ HTTP/1.1" 200 28267
"GET /admin/jsi18n/ HTTP/1.1" 200 16066
"GET /admin/autocomplete/?app_label=courses&model_name=course&field_name=subject HTTP/1.1" 200 140
"GET /admin/autocomplete/?app_label=courses&model_name=course&field_name=teacher HTTP/1.1" 200 263
"GET /admin/autocomplete/?app_label=courses&model_name=course&field_name=aitmatov_theme HTTP/1.1" 200 46
"POST /admin/courses/course/add/ HTTP/1.1" 302 0
"GET /admin/courses/course/ HTTP/1.1" 200 16196
"GET /admin/jsi18n/ HTTP/1.1" 200 16066
"GET /api/courses/ HTTP/1.1" 200 2618
"GET /api/courses/3/ HTTP/1.1" 200 1777
"GET /api/courses/3/lessons/ HTTP/1.1" 200 924
"GET /api/aitmatov/themes/ HTTP/1.1" 200 52
"GET /api/aitmatov/themes/ HTTP/1.1" 200 52
"GET /api/courses/ HTTP/1.1" 200 2618
"GET /api/courses/ HTTP/1.1" 200 2618
"GET /api/courses/2/ HTTP/1.1" 200 2095
"GET /api/courses/2/lessons/ HTTP/1.1" 200 614
"GET /api/subjects/ HTTP/1.1" 200 798
"GET /admin/subjects/subject/ HTTP/1.1" 200 13580
"GET /admin/jsi18n/ HTTP/1.1" 200 16066
"GET /admin/subjects/subject/add/ HTTP/1.1" 200 14570
"GET /admin/jsi18n/ HTTP/1.1" 200 16066
"POST /admin/subjects/subject/add/ HTTP/1.1" 302 0
"GET /admin/subjects/subject/ HTTP/1.1" 200 14170
"GET /admin/jsi18n/ HTTP/1.1" 200 16066
"GET /admin/subjects/subject/add/ HTTP/1.1" 200 14570
"GET /admin/jsi18n/ HTTP/1.1" 200 16066
"POST /admin/subjects/subject/add/ HTTP/1.1" 302 0
"GET /admin/subjects/subject/ HTTP/1.1" 200 14546
"GET /admin/jsi18n/ HTTP/1.1" 200 16066
"GET /admin/subjects/subject/add/ HTTP/1.1" 200 14570
"GET /admin/jsi18n/ HTTP/1.1" 200 16066
"POST /admin/subjects/subject/add/ HTTP/1.1" 302 0
"GET /admin/subjects/subject/ HTTP/1.1" 200 14913
"GET /admin/jsi18n/ HTTP/1.1" 200 16066
"GET /api/subjects/ HTTP/1.1" 200 1070
"GET /api/subjects/ HTTP/1.1" 200 1070
"GET /api/courses/ HTTP/1.1" 200 2618
"GET /api/courses/ HTTP/1.1" 200 2618
"GET /api/courses/ HTTP/1.1" 200 2618
"GET /api/courses/ HTTP/1.1" 200 2618
"GET /api/courses/ HTTP/1.1" 200 2618
"GET /api/aitmatov/themes/ HTTP/1.1" 200 52
"GET /api/courses/ HTTP/1.1" 200 2618
"GET /api/courses/2/ HTTP/1.1" 200 2095
"GET /api/courses/2/lessons/ HTTP/1.1" 200 614
"GET /admin/subjects/subject/add/ HTTP/1.1" 200 14570
"GET /admin/jsi18n/ HTTP/1.1" 200 16066
"POST /admin/subjects/subject/add/ HTTP/1.1" 302 0
"GET /admin/subjects/subject/ HTTP/1.1" 200 15296
"GET /admin/jsi18n/ HTTP/1.1" 200 16066
"GET /api/subjects/ HTTP/1.1" 200 1333
"GET /api/courses/ HTTP/1.1" 200 2618
"GET /api/courses/ HTTP/1.1" 200 2618
"GET /api/courses/2/ HTTP/1.1" 200 2095
"GET /api/courses/2/lessons/ HTTP/1.1" 200 614
"GET /api/subjects/ HTTP/1.1" 200 1333
"GET /api/courses/ HTTP/1.1" 200 2618
"GET /api/courses/2/ HTTP/1.1" 200 2095
"GET /api/courses/2/lessons/ HTTP/1.1" 200 614
"GET /api/courses/2/lessons/ HTTP/1.1" 200 614
"GET /api/courses/2/lessons/ HTTP/1.1" 200 614
"GET /api/courses/2/lessons/ HTTP/1.1" 200 614
"GET /api/courses/ HTTP/1.1" 200 2618
"GET /api/courses/3/ HTTP/1.1" 200 1777
"GET /api/courses/3/lessons/ HTTP/1.1" 200 924
"GET /api/courses/3/lessons/ HTTP/1.1" 200 924
"GET /api/courses/ HTTP/1.1" 200 2618
"GET /api/courses/ HTTP/1.1" 200 2618
"GET /admin/subjects/subject/ HTTP/1.1" 200 15063
"GET /admin/jsi18n/ HTTP/1.1" 200 16066
"GET /api/subjects/ HTTP/1.1" 200 1333
"GET /api/courses/ HTTP/1.1" 200 2618
"GET /api/subjects/ HTTP/1.1" 200 1333
"GET /api/subjects/ HTTP/1.1" 200 1333
"GET /api/subjects/ HTTP/1.1" 200 1333
"GET /api/courses/ HTTP/1.1" 200 2618
"GET /api/courses/ HTTP/1.1" 200 2618
"GET /api/aitmatov/themes/ HTTP/1.1" 200 52
"GET /api/aitmatov/themes/ HTTP/1.1" 200 52
"GET /api/aitmatov/themes/ HTTP/1.1" 200 52
"GET /api/subjects/ HTTP/1.1" 200 1333
/app/aitmatov_digital/urls.py changed, reloading.
Watching for file changes with StatReloader
"GET /admin/auth/group/ HTTP/1.1" 200 10594
"GET /admin/jsi18n/ HTTP/1.1" 200 16066
"GET /admin/subjects/subject/ HTTP/1.1" 200 15063
"GET /admin/jsi18n/ HTTP/1.1" 200 16066
"GET /admin/progress/progressitem/ HTTP/1.1" 200 13626
"GET /admin/jsi18n/ HTTP/1.1" 200 16066
"GET /admin/progress/progressitem/1/change/ HTTP/1.1" 200 17257
"GET /admin/jsi18n/ HTTP/1.1" 200 16066
"GET /admin/autocomplete/?app_label=progress&model_name=progressitem&field_name=lesson HTTP/1.1" 200 305
"GET /admin/progress/progressitem/ HTTP/1.1" 200 13626
"GET /api/subjects/ HTTP/1.1" 200 1333
"GET /admin/users/user/ HTTP/1.1" 200 16652
"GET /admin/jsi18n/ HTTP/1.1" 200 16066
"GET /admin/users/user/3/change/ HTTP/1.1" 200 27388
"GET /admin/jsi18n/ HTTP/1.1" 200 16066
"GET /api/subjects/ HTTP/1.1" 200 1333
"GET /api/subjects/ HTTP/1.1" 200 1333
"GET /api/subjects/ HTTP/1.1" 200 1333
"POST /admin/users/user/3/change/ HTTP/1.1" 302 0
"GET /admin/users/user/ HTTP/1.1" 200 16903
"GET /admin/jsi18n/ HTTP/1.1" 200 16066
"GET /admin/users/user/3/change/ HTTP/1.1" 200 27388
"GET /admin/jsi18n/ HTTP/1.1" 200 16066
"GET /api/subjects/ HTTP/1.1" 200 1333
"GET /api/subjects/ HTTP/1.1" 200 1333
"GET /api/subjects/ HTTP/1.1" 200 1333
"GET /api/subjects/ HTTP/1.1" 200 1333
"POST /admin/users/user/3/change/ HTTP/1.1" 302 0
"GET /admin/users/user/ HTTP/1.1" 200 16956
"GET /admin/jsi18n/ HTTP/1.1" 200 16066
"GET /api/subjects/ HTTP/1.1" 200 1333
"GET /admin/users/user/3/change/ HTTP/1.1" 200 27399
"GET /admin/jsi18n/ HTTP/1.1" 200 16066
"POST /admin/users/user/3/change/ HTTP/1.1" 302 0
"GET /admin/users/user/ HTTP/1.1" 200 16958
"GET /admin/jsi18n/ HTTP/1.1" 200 16066
"GET /api/subjects/ HTTP/1.1" 200 1333
"GET /api/subjects/ HTTP/1.1" 200 1333
"GET /admin/ HTTP/1.1" 200 12657
"GET /api/swagger/ HTTP/1.1" 200 4653
"GET /api/schema/ HTTP/1.1" 200 62474
Unauthorized: /v1/users/me/
"PATCH /v1/users/me/ HTTP/1.1" 401 130
"GET /api/courses/ HTTP/1.1" 200 2618
"GET /api/courses/ HTTP/1.1" 200 2618
"GET /api/courses/ HTTP/1.1" 200 2618
"GET /api/courses/2/ HTTP/1.1" 200 2095
"GET /api/courses/2/lessons/ HTTP/1.1" 200 614
"GET /api/courses/2/lessons/ HTTP/1.1" 200 614
"GET /api/courses/2/lessons/ HTTP/1.1" 200 614
"GET /api/courses/2/lessons/ HTTP/1.1" 200 614
"GET /api/courses/2/lessons/ HTTP/1.1" 200 614
"GET /api/courses/ HTTP/1.1" 200 2618
"GET /api/courses/3/ HTTP/1.1" 200 1777
"GET /api/courses/3/lessons/ HTTP/1.1" 200 924
"GET /api/courses/3/lessons/ HTTP/1.1" 200 924
"GET /api/courses/3/lessons/ HTTP/1.1" 200 924
"GET /api/courses/ HTTP/1.1" 200 2618
"GET /api/courses/2/ HTTP/1.1" 200 2095
"GET /api/courses/2/lessons/ HTTP/1.1" 200 614
"GET /api/courses/2/lessons/ HTTP/1.1" 200 614
"GET /api/subjects/ HTTP/1.1" 200 1333
"POST /api/auth/login/ HTTP/1.1" 200 489
"GET /api/users/me/ HTTP/1.1" 200 160
"GET /api/subjects/ HTTP/1.1" 200 1333
"GET /api/courses/ HTTP/1.1" 200 2618
/app/users/views.py changed, reloading.
Watching for file changes with StatReloader
/app/users/views.py changed, reloading.
Watching for file changes with StatReloader
/app/aitmatov_digital/settings.py changed, reloading.
Watching for file changes with StatReloader
Watching for file changes with StatReloader
"GET /api/swagger/ HTTP/1.1" 200 4653
"GET /api/schema/ HTTP/1.1" 200 91264
"GET /api/schema/ HTTP/1.1" 200 42102
"GET /admin/courses/course/ HTTP/1.1" 200 16279
"GET /admin/jsi18n/ HTTP/1.1" 200 16066
"GET /admin/subjects/subject/ HTTP/1.1" 200 15063
"GET /admin/jsi18n/ HTTP/1.1" 200 16066
"GET /admin/subjects/subject/add/ HTTP/1.1" 200 14570
"GET /admin/jsi18n/ HTTP/1.1" 200 16066
"POST /admin/subjects/subject/add/ HTTP/1.1" 200 15149
"GET /admin/jsi18n/ HTTP/1.1" 200 16066
"GET /admin/subjects/subject/add/ HTTP/1.1" 200 14570
"POST /admin/subjects/subject/add/ HTTP/1.1" 302 0
"GET /admin/subjects/subject/ HTTP/1.1" 200 15702
"GET /admin/jsi18n/ HTTP/1.1" 200 16066
"GET /api/subjects/ HTTP/1.1" 200 1623
"GET /api/courses/ HTTP/1.1" 200 2618
"GET /api/courses/ HTTP/1.1" 200 2618
"GET /api/subjects/ HTTP/1.1" 200 1623
"GET /api/users/ HTTP/1.1" 200 930
"PATCH /api/users/3/ HTTP/1.1" 200 173
"GET /api/users/ HTTP/1.1" 200 930
"PATCH /api/users/2/ HTTP/1.1" 200 177
"GET /api/users/ HTTP/1.1" 200 930
"PATCH /api/users/1/ HTTP/1.1" 200 172
"GET /api/users/ HTTP/1.1" 200 931
"GET /api/users/ HTTP/1.1" 200 931
"GET /api/users/ HTTP/1.1" 200 931
"POST /api/auth/login/ HTTP/1.1" 200 489
"GET /api/users/me/ HTTP/1.1" 200 167
"GET /api/subjects/ HTTP/1.1" 200 1623
"GET /api/subjects/ HTTP/1.1" 200 1623
"GET /api/courses/ HTTP/1.1" 200 2618
"GET /api/courses/ HTTP/1.1" 200 2618
"GET /api/courses/ HTTP/1.1" 200 2618
"GET /admin/subjects/subject/7/change/ HTTP/1.1" 200 15091
"GET /admin/jsi18n/ HTTP/1.1" 200 16066
"GET /admin/courses/lesson/ HTTP/1.1" 200 16881
"GET /admin/jsi18n/ HTTP/1.1" 200 16066
"GET /admin/courses/course/ HTTP/1.1" 200 16370
"GET /admin/jsi18n/ HTTP/1.1" 200 16066
"GET /admin/courses/course/add/ HTTP/1.1" 200 28267
"GET /admin/jsi18n/ HTTP/1.1" 200 16066
"GET /admin/autocomplete/?app_label=courses&model_name=course&field_name=subject HTTP/1.1" 200 572
"GET /admin/autocomplete/?app_label=courses&model_name=course&field_name=teacher HTTP/1.1" 200 263
"GET /admin/autocomplete/?app_label=courses&model_name=course&field_name=aitmatov_theme HTTP/1.1" 200 46
"POST /admin/courses/course/add/ HTTP/1.1" 302 0
"GET /admin/courses/course/ HTTP/1.1" 200 17235
"GET /admin/jsi18n/ HTTP/1.1" 200 16066
"GET /api/courses/ HTTP/1.1" 200 3253
"GET /api/courses/4/ HTTP/1.1" 200 728
"GET /api/courses/4/lessons/ HTTP/1.1" 200 52
"GET /api/aitmatov/themes/ HTTP/1.1" 200 52
"GET /api/subjects/ HTTP/1.1" 200 1623
"GET /api/courses/ HTTP/1.1" 200 3253
"GET /api/courses/4/ HTTP/1.1" 200 728
"GET /api/courses/4/lessons/ HTTP/1.1" 200 52
"GET /api/courses/ HTTP/1.1" 200 3253
"GET /api/courses/2/ HTTP/1.1" 200 2095
"GET /api/courses/2/lessons/ HTTP/1.1" 200 614
"GET /api/courses/2/lessons/ HTTP/1.1" 200 614
"GET /api/users/me/ HTTP/1.1" 200 167
"GET /admin/users/user/ HTTP/1.1" 200 16709
"GET /admin/jsi18n/ HTTP/1.1" 200 16066
"GET /admin/users/user/add/ HTTP/1.1" 200 16152
"GET /admin/jsi18n/ HTTP/1.1" 200 16066
"POST /admin/users/user/add/ HTTP/1.1" 200 16581
"GET /admin/jsi18n/ HTTP/1.1" 200 16066
"POST /admin/users/user/add/ HTTP/1.1" 302 0
"GET /admin/users/user/5/change/ HTTP/1.1" 200 27700
"GET /admin/jsi18n/ HTTP/1.1" 200 16066
"POST /api/auth/login/ HTTP/1.1" 200 489
"GET /api/users/me/ HTTP/1.1" 200 173
"GET /api/subjects/ HTTP/1.1" 200 1623
"GET /api/users/me/ HTTP/1.1" 200 173
"GET /api/users/me/ HTTP/1.1" 200 173
"GET /api/courses/ HTTP/1.1" 200 3253
"GET /api/users/me/ HTTP/1.1" 200 173
"GET /api/courses/ HTTP/1.1" 200 3253
/app/courses/serializers.py changed, reloading.
Watching for file changes with StatReloader
Watching for file changes with StatReloader
"GET /api/subjects/ HTTP/1.1" 200 1623
"GET /api/subjects/ HTTP/1.1" 200 1623
"GET /api/users/me/ HTTP/1.1" 200 173
"GET /api/users/me/ HTTP/1.1" 200 173
"GET /api/users/me/ HTTP/1.1" 200 173
"GET /api/users/me/ HTTP/1.1" 200 173
"GET /api/users/me/ HTTP/1.1" 200 173
Internal Server Error: /api/courses/
Traceback (most recent call last):
  File "/usr/local/lib/python3.11/site-packages/django/core/handlers/exception.py", line 55, in inner
    response = get_response(request)
               ^^^^^^^^^^^^^^^^^^^^^
  File "/usr/local/lib/python3.11/site-packages/django/core/handlers/base.py", line 197, in _get_response
    response = wrapped_callback(request, *callback_args, **callback_kwargs)
               ^^^^^^^^^^^^^^^^^^^^^^^^^^^^^^^^^^^^^^^^^^^^^^^^^^^^^^^^^^^^
  File "/usr/local/lib/python3.11/site-packages/django/views/decorators/csrf.py", line 56, in wrapper_view
    return view_func(*args, **kwargs)
           ^^^^^^^^^^^^^^^^^^^^^^^^^^
  File "/usr/local/lib/python3.11/site-packages/django/views/generic/base.py", line 105, in view
    return self.dispatch(request, *args, **kwargs)
           ^^^^^^^^^^^^^^^^^^^^^^^^^^^^^^^^^^^^^^^
  File "/usr/local/lib/python3.11/site-packages/rest_framework/views.py", line 515, in dispatch
    response = self.handle_exception(exc)
               ^^^^^^^^^^^^^^^^^^^^^^^^^^
  File "/usr/local/lib/python3.11/site-packages/rest_framework/views.py", line 475, in handle_exception
    self.raise_uncaught_exception(exc)
  File "/usr/local/lib/python3.11/site-packages/rest_framework/views.py", line 486, in raise_uncaught_exception
    raise exc
  File "/usr/local/lib/python3.11/site-packages/rest_framework/views.py", line 512, in dispatch
    response = handler(request, *args, **kwargs)
               ^^^^^^^^^^^^^^^^^^^^^^^^^^^^^^^^^
  File "/usr/local/lib/python3.11/site-packages/rest_framework/generics.py", line 203, in get
    return self.list(request, *args, **kwargs)
           ^^^^^^^^^^^^^^^^^^^^^^^^^^^^^^^^^^^
  File "/usr/local/lib/python3.11/site-packages/rest_framework/mixins.py", line 43, in list
    return self.get_paginated_response(serializer.data)
                                       ^^^^^^^^^^^^^^^
  File "/usr/local/lib/python3.11/site-packages/rest_framework/serializers.py", line 809, in data
    ret = super().data
          ^^^^^^^^^^^^
  File "/usr/local/lib/python3.11/site-packages/rest_framework/serializers.py", line 251, in data
    self._data = self.to_representation(self.instance)
                 ^^^^^^^^^^^^^^^^^^^^^^^^^^^^^^^^^^^^^
  File "/usr/local/lib/python3.11/site-packages/rest_framework/serializers.py", line 727, in to_representation
    return [
           ^
  File "/usr/local/lib/python3.11/site-packages/rest_framework/serializers.py", line 728, in <listcomp>
    self.child.to_representation(item) for item in iterable
    ^^^^^^^^^^^^^^^^^^^^^^^^^^^^^^^^^^
  File "/usr/local/lib/python3.11/site-packages/rest_framework/serializers.py", line 537, in to_representation
    for field in fields:
  File "/usr/local/lib/python3.11/site-packages/rest_framework/serializers.py", line 398, in _readable_fields
    for field in self.fields.values():
                 ^^^^^^^^^^^
  File "/usr/local/lib/python3.11/site-packages/django/utils/functional.py", line 57, in __get__
    res = instance.__dict__[self.name] = self.func(instance)
                                         ^^^^^^^^^^^^^^^^^^^
  File "/usr/local/lib/python3.11/site-packages/rest_framework/serializers.py", line 387, in fields
    fields[key] = value
    ~~~~~~^^^^^
  File "/usr/local/lib/python3.11/site-packages/rest_framework/utils/serializer_helpers.py", line 165, in __setitem__
    field.bind(field_name=key, parent=self.serializer)
  File "/usr/local/lib/python3.11/site-packages/rest_framework/fields.py", line 358, in bind
    assert self.source != field_name, (
           ^^^^^^^^^^^^^^^^^^^^^^^^^
AssertionError: It is redundant to specify `source='teacher_id'` on field 'IntegerField' in serializer 'CourseListSerializer', because it is the same as the field name. Remove the `source` keyword argument.
"GET /api/courses/ HTTP/1.1" 500 19310
"GET /api/users/me/ HTTP/1.1" 200 173
"GET /api/users/me/ HTTP/1.1" 200 173
"GET /api/users/me/ HTTP/1.1" 200 173
Internal Server Error: /api/courses/
Traceback (most recent call last):
  File "/usr/local/lib/python3.11/site-packages/django/core/handlers/exception.py", line 55, in inner
    response = get_response(request)
               ^^^^^^^^^^^^^^^^^^^^^
  File "/usr/local/lib/python3.11/site-packages/django/core/handlers/base.py", line 197, in _get_response
    response = wrapped_callback(request, *callback_args, **callback_kwargs)
               ^^^^^^^^^^^^^^^^^^^^^^^^^^^^^^^^^^^^^^^^^^^^^^^^^^^^^^^^^^^^
  File "/usr/local/lib/python3.11/site-packages/django/views/decorators/csrf.py", line 56, in wrapper_view
    return view_func(*args, **kwargs)
           ^^^^^^^^^^^^^^^^^^^^^^^^^^
  File "/usr/local/lib/python3.11/site-packages/django/views/generic/base.py", line 105, in view
    return self.dispatch(request, *args, **kwargs)
           ^^^^^^^^^^^^^^^^^^^^^^^^^^^^^^^^^^^^^^^
  File "/usr/local/lib/python3.11/site-packages/rest_framework/views.py", line 515, in dispatch
    response = self.handle_exception(exc)
               ^^^^^^^^^^^^^^^^^^^^^^^^^^
  File "/usr/local/lib/python3.11/site-packages/rest_framework/views.py", line 475, in handle_exception
    self.raise_uncaught_exception(exc)
  File "/usr/local/lib/python3.11/site-packages/rest_framework/views.py", line 486, in raise_uncaught_exception
    raise exc
  File "/usr/local/lib/python3.11/site-packages/rest_framework/views.py", line 512, in dispatch
    response = handler(request, *args, **kwargs)
               ^^^^^^^^^^^^^^^^^^^^^^^^^^^^^^^^^
  File "/usr/local/lib/python3.11/site-packages/rest_framework/generics.py", line 203, in get
    return self.list(request, *args, **kwargs)
           ^^^^^^^^^^^^^^^^^^^^^^^^^^^^^^^^^^^
  File "/usr/local/lib/python3.11/site-packages/rest_framework/mixins.py", line 43, in list
    return self.get_paginated_response(serializer.data)
                                       ^^^^^^^^^^^^^^^
  File "/usr/local/lib/python3.11/site-packages/rest_framework/serializers.py", line 809, in data
    ret = super().data
          ^^^^^^^^^^^^
  File "/usr/local/lib/python3.11/site-packages/rest_framework/serializers.py", line 251, in data
    self._data = self.to_representation(self.instance)
                 ^^^^^^^^^^^^^^^^^^^^^^^^^^^^^^^^^^^^^
  File "/usr/local/lib/python3.11/site-packages/rest_framework/serializers.py", line 727, in to_representation
    return [
           ^
  File "/usr/local/lib/python3.11/site-packages/rest_framework/serializers.py", line 728, in <listcomp>
    self.child.to_representation(item) for item in iterable
    ^^^^^^^^^^^^^^^^^^^^^^^^^^^^^^^^^^
  File "/usr/local/lib/python3.11/site-packages/rest_framework/serializers.py", line 537, in to_representation
    for field in fields:
  File "/usr/local/lib/python3.11/site-packages/rest_framework/serializers.py", line 398, in _readable_fields
    for field in self.fields.values():
                 ^^^^^^^^^^^
  File "/usr/local/lib/python3.11/site-packages/django/utils/functional.py", line 57, in __get__
    res = instance.__dict__[self.name] = self.func(instance)
                                         ^^^^^^^^^^^^^^^^^^^
  File "/usr/local/lib/python3.11/site-packages/rest_framework/serializers.py", line 387, in fields
    fields[key] = value
    ~~~~~~^^^^^
  File "/usr/local/lib/python3.11/site-packages/rest_framework/utils/serializer_helpers.py", line 165, in __setitem__
    field.bind(field_name=key, parent=self.serializer)
  File "/usr/local/lib/python3.11/site-packages/rest_framework/fields.py", line 358, in bind
    assert self.source != field_name, (
           ^^^^^^^^^^^^^^^^^^^^^^^^^
AssertionError: It is redundant to specify `source='teacher_id'` on field 'IntegerField' in serializer 'CourseListSerializer', because it is the same as the field name. Remove the `source` keyword argument.
"GET /api/courses/ HTTP/1.1" 500 19310
"GET /admin/courses/course/ HTTP/1.1" 200 17009
"GET /admin/jsi18n/ HTTP/1.1" 200 16066
"GET /admin/courses/course/4/change/ HTTP/1.1" 200 29161
"GET /admin/jsi18n/ HTTP/1.1" 200 16066
"GET /admin/autocomplete/?app_label=courses&model_name=course&field_name=teacher HTTP/1.1" 200 313
"POST /admin/courses/course/4/change/ HTTP/1.1" 302 0
"GET /admin/courses/course/ HTTP/1.1" 200 17230
"GET /admin/jsi18n/ HTTP/1.1" 200 16066
"GET /api/users/me/ HTTP/1.1" 200 173
Internal Server Error: /api/courses/
Traceback (most recent call last):
  File "/usr/local/lib/python3.11/site-packages/django/core/handlers/exception.py", line 55, in inner
    response = get_response(request)
               ^^^^^^^^^^^^^^^^^^^^^
  File "/usr/local/lib/python3.11/site-packages/django/core/handlers/base.py", line 197, in _get_response
    response = wrapped_callback(request, *callback_args, **callback_kwargs)
               ^^^^^^^^^^^^^^^^^^^^^^^^^^^^^^^^^^^^^^^^^^^^^^^^^^^^^^^^^^^^
  File "/usr/local/lib/python3.11/site-packages/django/views/decorators/csrf.py", line 56, in wrapper_view
    return view_func(*args, **kwargs)
           ^^^^^^^^^^^^^^^^^^^^^^^^^^
  File "/usr/local/lib/python3.11/site-packages/django/views/generic/base.py", line 105, in view
    return self.dispatch(request, *args, **kwargs)
           ^^^^^^^^^^^^^^^^^^^^^^^^^^^^^^^^^^^^^^^
  File "/usr/local/lib/python3.11/site-packages/rest_framework/views.py", line 515, in dispatch
    response = self.handle_exception(exc)
               ^^^^^^^^^^^^^^^^^^^^^^^^^^
  File "/usr/local/lib/python3.11/site-packages/rest_framework/views.py", line 475, in handle_exception
    self.raise_uncaught_exception(exc)
  File "/usr/local/lib/python3.11/site-packages/rest_framework/views.py", line 486, in raise_uncaught_exception
    raise exc
  File "/usr/local/lib/python3.11/site-packages/rest_framework/views.py", line 512, in dispatch
    response = handler(request, *args, **kwargs)
               ^^^^^^^^^^^^^^^^^^^^^^^^^^^^^^^^^
  File "/usr/local/lib/python3.11/site-packages/rest_framework/generics.py", line 203, in get
    return self.list(request, *args, **kwargs)
           ^^^^^^^^^^^^^^^^^^^^^^^^^^^^^^^^^^^
  File "/usr/local/lib/python3.11/site-packages/rest_framework/mixins.py", line 43, in list
    return self.get_paginated_response(serializer.data)
                                       ^^^^^^^^^^^^^^^
  File "/usr/local/lib/python3.11/site-packages/rest_framework/serializers.py", line 809, in data
    ret = super().data
          ^^^^^^^^^^^^
  File "/usr/local/lib/python3.11/site-packages/rest_framework/serializers.py", line 251, in data
    self._data = self.to_representation(self.instance)
                 ^^^^^^^^^^^^^^^^^^^^^^^^^^^^^^^^^^^^^
  File "/usr/local/lib/python3.11/site-packages/rest_framework/serializers.py", line 727, in to_representation
    return [
           ^
  File "/usr/local/lib/python3.11/site-packages/rest_framework/serializers.py", line 728, in <listcomp>
    self.child.to_representation(item) for item in iterable
    ^^^^^^^^^^^^^^^^^^^^^^^^^^^^^^^^^^
  File "/usr/local/lib/python3.11/site-packages/rest_framework/serializers.py", line 537, in to_representation
    for field in fields:
  File "/usr/local/lib/python3.11/site-packages/rest_framework/serializers.py", line 398, in _readable_fields
    for field in self.fields.values():
                 ^^^^^^^^^^^
  File "/usr/local/lib/python3.11/site-packages/django/utils/functional.py", line 57, in __get__
    res = instance.__dict__[self.name] = self.func(instance)
                                         ^^^^^^^^^^^^^^^^^^^
  File "/usr/local/lib/python3.11/site-packages/rest_framework/serializers.py", line 387, in fields
    fields[key] = value
    ~~~~~~^^^^^
  File "/usr/local/lib/python3.11/site-packages/rest_framework/utils/serializer_helpers.py", line 165, in __setitem__
    field.bind(field_name=key, parent=self.serializer)
  File "/usr/local/lib/python3.11/site-packages/rest_framework/fields.py", line 358, in bind
    assert self.source != field_name, (
           ^^^^^^^^^^^^^^^^^^^^^^^^^
AssertionError: It is redundant to specify `source='teacher_id'` on field 'IntegerField' in serializer 'CourseListSerializer', because it is the same as the field name. Remove the `source` keyword argument.
"GET /api/courses/ HTTP/1.1" 500 19310
"GET /api/users/me/ HTTP/1.1" 200 173
Internal Server Error: /api/courses/
Traceback (most recent call last):
  File "/usr/local/lib/python3.11/site-packages/django/core/handlers/exception.py", line 55, in inner
    response = get_response(request)
               ^^^^^^^^^^^^^^^^^^^^^
  File "/usr/local/lib/python3.11/site-packages/django/core/handlers/base.py", line 197, in _get_response
    response = wrapped_callback(request, *callback_args, **callback_kwargs)
               ^^^^^^^^^^^^^^^^^^^^^^^^^^^^^^^^^^^^^^^^^^^^^^^^^^^^^^^^^^^^
  File "/usr/local/lib/python3.11/site-packages/django/views/decorators/csrf.py", line 56, in wrapper_view
    return view_func(*args, **kwargs)
           ^^^^^^^^^^^^^^^^^^^^^^^^^^
  File "/usr/local/lib/python3.11/site-packages/django/views/generic/base.py", line 105, in view
    return self.dispatch(request, *args, **kwargs)
           ^^^^^^^^^^^^^^^^^^^^^^^^^^^^^^^^^^^^^^^
  File "/usr/local/lib/python3.11/site-packages/rest_framework/views.py", line 515, in dispatch
    response = self.handle_exception(exc)
               ^^^^^^^^^^^^^^^^^^^^^^^^^^
  File "/usr/local/lib/python3.11/site-packages/rest_framework/views.py", line 475, in handle_exception
    self.raise_uncaught_exception(exc)
  File "/usr/local/lib/python3.11/site-packages/rest_framework/views.py", line 486, in raise_uncaught_exception
    raise exc
  File "/usr/local/lib/python3.11/site-packages/rest_framework/views.py", line 512, in dispatch
    response = handler(request, *args, **kwargs)
               ^^^^^^^^^^^^^^^^^^^^^^^^^^^^^^^^^
  File "/usr/local/lib/python3.11/site-packages/rest_framework/generics.py", line 203, in get
    return self.list(request, *args, **kwargs)
           ^^^^^^^^^^^^^^^^^^^^^^^^^^^^^^^^^^^
  File "/usr/local/lib/python3.11/site-packages/rest_framework/mixins.py", line 43, in list
    return self.get_paginated_response(serializer.data)
                                       ^^^^^^^^^^^^^^^
  File "/usr/local/lib/python3.11/site-packages/rest_framework/serializers.py", line 809, in data
    ret = super().data
          ^^^^^^^^^^^^
  File "/usr/local/lib/python3.11/site-packages/rest_framework/serializers.py", line 251, in data
    self._data = self.to_representation(self.instance)
                 ^^^^^^^^^^^^^^^^^^^^^^^^^^^^^^^^^^^^^
  File "/usr/local/lib/python3.11/site-packages/rest_framework/serializers.py", line 727, in to_representation
    return [
           ^
  File "/usr/local/lib/python3.11/site-packages/rest_framework/serializers.py", line 728, in <listcomp>
    self.child.to_representation(item) for item in iterable
    ^^^^^^^^^^^^^^^^^^^^^^^^^^^^^^^^^^
  File "/usr/local/lib/python3.11/site-packages/rest_framework/serializers.py", line 537, in to_representation
    for field in fields:
  File "/usr/local/lib/python3.11/site-packages/rest_framework/serializers.py", line 398, in _readable_fields
    for field in self.fields.values():
                 ^^^^^^^^^^^
  File "/usr/local/lib/python3.11/site-packages/django/utils/functional.py", line 57, in __get__
    res = instance.__dict__[self.name] = self.func(instance)
                                         ^^^^^^^^^^^^^^^^^^^
  File "/usr/local/lib/python3.11/site-packages/rest_framework/serializers.py", line 387, in fields
    fields[key] = value
    ~~~~~~^^^^^
  File "/usr/local/lib/python3.11/site-packages/rest_framework/utils/serializer_helpers.py", line 165, in __setitem__
    field.bind(field_name=key, parent=self.serializer)
  File "/usr/local/lib/python3.11/site-packages/rest_framework/fields.py", line 358, in bind
    assert self.source != field_name, (
           ^^^^^^^^^^^^^^^^^^^^^^^^^
AssertionError: It is redundant to specify `source='teacher_id'` on field 'IntegerField' in serializer 'CourseListSerializer', because it is the same as the field name. Remove the `source` keyword argument.
"GET /api/courses/ HTTP/1.1" 500 19310
"GET /api/subjects/ HTTP/1.1" 200 1623
"GET /api/aitmatov/themes/ HTTP/1.1" 200 52
"GET /api/users/me/ HTTP/1.1" 200 173
"GET /api/users/me/ HTTP/1.1" 200 173
"GET /api/swagger/ HTTP/1.1" 200 4653
Internal Server Error: /api/schema/
Traceback (most recent call last):
  File "/usr/local/lib/python3.11/site-packages/django/core/handlers/exception.py", line 55, in inner
    response = get_response(request)
               ^^^^^^^^^^^^^^^^^^^^^
  File "/usr/local/lib/python3.11/site-packages/django/core/handlers/base.py", line 197, in _get_response
    response = wrapped_callback(request, *callback_args, **callback_kwargs)
               ^^^^^^^^^^^^^^^^^^^^^^^^^^^^^^^^^^^^^^^^^^^^^^^^^^^^^^^^^^^^
  File "/usr/local/lib/python3.11/site-packages/django/views/decorators/csrf.py", line 56, in wrapper_view
    return view_func(*args, **kwargs)
           ^^^^^^^^^^^^^^^^^^^^^^^^^^
  File "/usr/local/lib/python3.11/site-packages/django/views/generic/base.py", line 105, in view
    return self.dispatch(request, *args, **kwargs)
           ^^^^^^^^^^^^^^^^^^^^^^^^^^^^^^^^^^^^^^^
  File "/usr/local/lib/python3.11/site-packages/rest_framework/views.py", line 515, in dispatch
    response = self.handle_exception(exc)
               ^^^^^^^^^^^^^^^^^^^^^^^^^^
  File "/usr/local/lib/python3.11/site-packages/rest_framework/views.py", line 475, in handle_exception
    self.raise_uncaught_exception(exc)
  File "/usr/local/lib/python3.11/site-packages/rest_framework/views.py", line 486, in raise_uncaught_exception
    raise exc
  File "/usr/local/lib/python3.11/site-packages/rest_framework/views.py", line 512, in dispatch
    response = handler(request, *args, **kwargs)
               ^^^^^^^^^^^^^^^^^^^^^^^^^^^^^^^^^
  File "/usr/local/lib/python3.11/site-packages/drf_spectacular/views.py", line 84, in get
    return self._get_schema_response(request)
           ^^^^^^^^^^^^^^^^^^^^^^^^^^^^^^^^^^
  File "/usr/local/lib/python3.11/site-packages/drf_spectacular/views.py", line 92, in _get_schema_response
    data=generator.get_schema(request=request, public=self.serve_public),
         ^^^^^^^^^^^^^^^^^^^^^^^^^^^^^^^^^^^^^^^^^^^^^^^^^^^^^^^^^^^^^^^
  File "/usr/local/lib/python3.11/site-packages/drf_spectacular/generators.py", line 287, in get_schema
    paths=self.parse(request, public),
          ^^^^^^^^^^^^^^^^^^^^^^^^^^^
  File "/usr/local/lib/python3.11/site-packages/drf_spectacular/generators.py", line 258, in parse
    operation = view.schema.get_operation(
                ^^^^^^^^^^^^^^^^^^^^^^^^^^
  File "/usr/local/lib/python3.11/site-packages/drf_spectacular/openapi.py", line 113, in get_operation
    operation['responses'] = self._get_response_bodies()
                             ^^^^^^^^^^^^^^^^^^^^^^^^^^^
  File "/usr/local/lib/python3.11/site-packages/drf_spectacular/openapi.py", line 1407, in _get_response_bodies
    return {'200': self._get_response_for_code(response_serializers, '200', direction=direction)}
                   ^^^^^^^^^^^^^^^^^^^^^^^^^^^^^^^^^^^^^^^^^^^^^^^^^^^^^^^^^^^^^^^^^^^^^^^^^^^^^
  File "/usr/local/lib/python3.11/site-packages/drf_spectacular/openapi.py", line 1463, in _get_response_for_code
    component = self.resolve_serializer(serializer, direction)
                ^^^^^^^^^^^^^^^^^^^^^^^^^^^^^^^^^^^^^^^^^^^^^^
  File "/usr/local/lib/python3.11/site-packages/drf_spectacular/openapi.py", line 1658, in resolve_serializer
    component.schema = self._map_serializer(serializer, direction, bypass_extensions)
                       ^^^^^^^^^^^^^^^^^^^^^^^^^^^^^^^^^^^^^^^^^^^^^^^^^^^^^^^^^^^^^^
  File "/usr/local/lib/python3.11/site-packages/drf_spectacular/openapi.py", line 959, in _map_serializer
    schema = self._map_basic_serializer(serializer, direction)
             ^^^^^^^^^^^^^^^^^^^^^^^^^^^^^^^^^^^^^^^^^^^^^^^^^
  File "/usr/local/lib/python3.11/site-packages/drf_spectacular/openapi.py", line 1052, in _map_basic_serializer
    for field in serializer.fields.values():
                 ^^^^^^^^^^^^^^^^^
  File "/usr/local/lib/python3.11/site-packages/django/utils/functional.py", line 57, in __get__
    res = instance.__dict__[self.name] = self.func(instance)
                                         ^^^^^^^^^^^^^^^^^^^
  File "/usr/local/lib/python3.11/site-packages/rest_framework/serializers.py", line 387, in fields
    fields[key] = value
    ~~~~~~^^^^^
  File "/usr/local/lib/python3.11/site-packages/rest_framework/utils/serializer_helpers.py", line 165, in __setitem__
    field.bind(field_name=key, parent=self.serializer)
  File "/usr/local/lib/python3.11/site-packages/rest_framework/fields.py", line 358, in bind
    assert self.source != field_name, (
           ^^^^^^^^^^^^^^^^^^^^^^^^^
AssertionError: It is redundant to specify `source='teacher_id'` on field 'IntegerField' in serializer 'CourseListSerializer', because it is the same as the field name. Remove the `source` keyword argument.
"GET /api/schema/ HTTP/1.1" 500 172355
Internal Server Error: /api/schema/
Traceback (most recent call last):
  File "/usr/local/lib/python3.11/site-packages/django/core/handlers/exception.py", line 55, in inner
    response = get_response(request)
               ^^^^^^^^^^^^^^^^^^^^^
  File "/usr/local/lib/python3.11/site-packages/django/core/handlers/base.py", line 197, in _get_response
    response = wrapped_callback(request, *callback_args, **callback_kwargs)
               ^^^^^^^^^^^^^^^^^^^^^^^^^^^^^^^^^^^^^^^^^^^^^^^^^^^^^^^^^^^^
  File "/usr/local/lib/python3.11/site-packages/django/views/decorators/csrf.py", line 56, in wrapper_view
    return view_func(*args, **kwargs)
           ^^^^^^^^^^^^^^^^^^^^^^^^^^
  File "/usr/local/lib/python3.11/site-packages/django/views/generic/base.py", line 105, in view
    return self.dispatch(request, *args, **kwargs)
           ^^^^^^^^^^^^^^^^^^^^^^^^^^^^^^^^^^^^^^^
  File "/usr/local/lib/python3.11/site-packages/rest_framework/views.py", line 515, in dispatch
    response = self.handle_exception(exc)
               ^^^^^^^^^^^^^^^^^^^^^^^^^^
  File "/usr/local/lib/python3.11/site-packages/rest_framework/views.py", line 475, in handle_exception
    self.raise_uncaught_exception(exc)
  File "/usr/local/lib/python3.11/site-packages/rest_framework/views.py", line 486, in raise_uncaught_exception
    raise exc
  File "/usr/local/lib/python3.11/site-packages/rest_framework/views.py", line 512, in dispatch
    response = handler(request, *args, **kwargs)
               ^^^^^^^^^^^^^^^^^^^^^^^^^^^^^^^^^
  File "/usr/local/lib/python3.11/site-packages/drf_spectacular/views.py", line 84, in get
    return self._get_schema_response(request)
           ^^^^^^^^^^^^^^^^^^^^^^^^^^^^^^^^^^
  File "/usr/local/lib/python3.11/site-packages/drf_spectacular/views.py", line 92, in _get_schema_response
    data=generator.get_schema(request=request, public=self.serve_public),
         ^^^^^^^^^^^^^^^^^^^^^^^^^^^^^^^^^^^^^^^^^^^^^^^^^^^^^^^^^^^^^^^
  File "/usr/local/lib/python3.11/site-packages/drf_spectacular/generators.py", line 287, in get_schema
    paths=self.parse(request, public),
          ^^^^^^^^^^^^^^^^^^^^^^^^^^^
  File "/usr/local/lib/python3.11/site-packages/drf_spectacular/generators.py", line 258, in parse
    operation = view.schema.get_operation(
                ^^^^^^^^^^^^^^^^^^^^^^^^^^
  File "/usr/local/lib/python3.11/site-packages/drf_spectacular/openapi.py", line 113, in get_operation
    operation['responses'] = self._get_response_bodies()
                             ^^^^^^^^^^^^^^^^^^^^^^^^^^^
  File "/usr/local/lib/python3.11/site-packages/drf_spectacular/openapi.py", line 1407, in _get_response_bodies
    return {'200': self._get_response_for_code(response_serializers, '200', direction=direction)}
                   ^^^^^^^^^^^^^^^^^^^^^^^^^^^^^^^^^^^^^^^^^^^^^^^^^^^^^^^^^^^^^^^^^^^^^^^^^^^^^
  File "/usr/local/lib/python3.11/site-packages/drf_spectacular/openapi.py", line 1463, in _get_response_for_code
    component = self.resolve_serializer(serializer, direction)
                ^^^^^^^^^^^^^^^^^^^^^^^^^^^^^^^^^^^^^^^^^^^^^^
  File "/usr/local/lib/python3.11/site-packages/drf_spectacular/openapi.py", line 1658, in resolve_serializer
    component.schema = self._map_serializer(serializer, direction, bypass_extensions)
                       ^^^^^^^^^^^^^^^^^^^^^^^^^^^^^^^^^^^^^^^^^^^^^^^^^^^^^^^^^^^^^^
  File "/usr/local/lib/python3.11/site-packages/drf_spectacular/openapi.py", line 959, in _map_serializer
    schema = self._map_basic_serializer(serializer, direction)
             ^^^^^^^^^^^^^^^^^^^^^^^^^^^^^^^^^^^^^^^^^^^^^^^^^
  File "/usr/local/lib/python3.11/site-packages/drf_spectacular/openapi.py", line 1052, in _map_basic_serializer
    for field in serializer.fields.values():
                 ^^^^^^^^^^^^^^^^^
  File "/usr/local/lib/python3.11/site-packages/django/utils/functional.py", line 57, in __get__
    res = instance.__dict__[self.name] = self.func(instance)
                                         ^^^^^^^^^^^^^^^^^^^
  File "/usr/local/lib/python3.11/site-packages/rest_framework/serializers.py", line 387, in fields
    fields[key] = value
    ~~~~~~^^^^^
  File "/usr/local/lib/python3.11/site-packages/rest_framework/utils/serializer_helpers.py", line 165, in __setitem__
    field.bind(field_name=key, parent=self.serializer)
  File "/usr/local/lib/python3.11/site-packages/rest_framework/fields.py", line 358, in bind
    assert self.source != field_name, (
           ^^^^^^^^^^^^^^^^^^^^^^^^^
AssertionError: It is redundant to specify `source='teacher_id'` on field 'IntegerField' in serializer 'CourseListSerializer', because it is the same as the field name. Remove the `source` keyword argument.
"GET /api/schema/ HTTP/1.1" 500 172355
"GET /api/swagger/ HTTP/1.1" 200 4653
Internal Server Error: /api/schema/
Traceback (most recent call last):
  File "/usr/local/lib/python3.11/site-packages/django/core/handlers/exception.py", line 55, in inner
    response = get_response(request)
               ^^^^^^^^^^^^^^^^^^^^^
  File "/usr/local/lib/python3.11/site-packages/django/core/handlers/base.py", line 197, in _get_response
    response = wrapped_callback(request, *callback_args, **callback_kwargs)
               ^^^^^^^^^^^^^^^^^^^^^^^^^^^^^^^^^^^^^^^^^^^^^^^^^^^^^^^^^^^^
  File "/usr/local/lib/python3.11/site-packages/django/views/decorators/csrf.py", line 56, in wrapper_view
    return view_func(*args, **kwargs)
           ^^^^^^^^^^^^^^^^^^^^^^^^^^
  File "/usr/local/lib/python3.11/site-packages/django/views/generic/base.py", line 105, in view
    return self.dispatch(request, *args, **kwargs)
           ^^^^^^^^^^^^^^^^^^^^^^^^^^^^^^^^^^^^^^^
  File "/usr/local/lib/python3.11/site-packages/rest_framework/views.py", line 515, in dispatch
    response = self.handle_exception(exc)
               ^^^^^^^^^^^^^^^^^^^^^^^^^^
  File "/usr/local/lib/python3.11/site-packages/rest_framework/views.py", line 475, in handle_exception
    self.raise_uncaught_exception(exc)
  File "/usr/local/lib/python3.11/site-packages/rest_framework/views.py", line 486, in raise_uncaught_exception
    raise exc
  File "/usr/local/lib/python3.11/site-packages/rest_framework/views.py", line 512, in dispatch
    response = handler(request, *args, **kwargs)
               ^^^^^^^^^^^^^^^^^^^^^^^^^^^^^^^^^
  File "/usr/local/lib/python3.11/site-packages/drf_spectacular/views.py", line 84, in get
    return self._get_schema_response(request)
           ^^^^^^^^^^^^^^^^^^^^^^^^^^^^^^^^^^
  File "/usr/local/lib/python3.11/site-packages/drf_spectacular/views.py", line 92, in _get_schema_response
    data=generator.get_schema(request=request, public=self.serve_public),
         ^^^^^^^^^^^^^^^^^^^^^^^^^^^^^^^^^^^^^^^^^^^^^^^^^^^^^^^^^^^^^^^
  File "/usr/local/lib/python3.11/site-packages/drf_spectacular/generators.py", line 287, in get_schema
    paths=self.parse(request, public),
          ^^^^^^^^^^^^^^^^^^^^^^^^^^^
  File "/usr/local/lib/python3.11/site-packages/drf_spectacular/generators.py", line 258, in parse
    operation = view.schema.get_operation(
                ^^^^^^^^^^^^^^^^^^^^^^^^^^
  File "/usr/local/lib/python3.11/site-packages/drf_spectacular/openapi.py", line 113, in get_operation
    operation['responses'] = self._get_response_bodies()
                             ^^^^^^^^^^^^^^^^^^^^^^^^^^^
  File "/usr/local/lib/python3.11/site-packages/drf_spectacular/openapi.py", line 1407, in _get_response_bodies
    return {'200': self._get_response_for_code(response_serializers, '200', direction=direction)}
                   ^^^^^^^^^^^^^^^^^^^^^^^^^^^^^^^^^^^^^^^^^^^^^^^^^^^^^^^^^^^^^^^^^^^^^^^^^^^^^
  File "/usr/local/lib/python3.11/site-packages/drf_spectacular/openapi.py", line 1463, in _get_response_for_code
    component = self.resolve_serializer(serializer, direction)
                ^^^^^^^^^^^^^^^^^^^^^^^^^^^^^^^^^^^^^^^^^^^^^^
  File "/usr/local/lib/python3.11/site-packages/drf_spectacular/openapi.py", line 1658, in resolve_serializer
    component.schema = self._map_serializer(serializer, direction, bypass_extensions)
                       ^^^^^^^^^^^^^^^^^^^^^^^^^^^^^^^^^^^^^^^^^^^^^^^^^^^^^^^^^^^^^^
  File "/usr/local/lib/python3.11/site-packages/drf_spectacular/openapi.py", line 959, in _map_serializer
    schema = self._map_basic_serializer(serializer, direction)
             ^^^^^^^^^^^^^^^^^^^^^^^^^^^^^^^^^^^^^^^^^^^^^^^^^
  File "/usr/local/lib/python3.11/site-packages/drf_spectacular/openapi.py", line 1052, in _map_basic_serializer
    for field in serializer.fields.values():
                 ^^^^^^^^^^^^^^^^^
  File "/usr/local/lib/python3.11/site-packages/django/utils/functional.py", line 57, in __get__
    res = instance.__dict__[self.name] = self.func(instance)
                                         ^^^^^^^^^^^^^^^^^^^
  File "/usr/local/lib/python3.11/site-packages/rest_framework/serializers.py", line 387, in fields
    fields[key] = value
    ~~~~~~^^^^^
  File "/usr/local/lib/python3.11/site-packages/rest_framework/utils/serializer_helpers.py", line 165, in __setitem__
    field.bind(field_name=key, parent=self.serializer)
  File "/usr/local/lib/python3.11/site-packages/rest_framework/fields.py", line 358, in bind
    assert self.source != field_name, (
           ^^^^^^^^^^^^^^^^^^^^^^^^^
AssertionError: It is redundant to specify `source='teacher_id'` on field 'IntegerField' in serializer 'CourseListSerializer', because it is the same as the field name. Remove the `source` keyword argument.
"GET /api/schema/ HTTP/1.1" 500 172355
Internal Server Error: /api/schema/
Traceback (most recent call last):
  File "/usr/local/lib/python3.11/site-packages/django/core/handlers/exception.py", line 55, in inner
    response = get_response(request)
               ^^^^^^^^^^^^^^^^^^^^^
  File "/usr/local/lib/python3.11/site-packages/django/core/handlers/base.py", line 197, in _get_response
    response = wrapped_callback(request, *callback_args, **callback_kwargs)
               ^^^^^^^^^^^^^^^^^^^^^^^^^^^^^^^^^^^^^^^^^^^^^^^^^^^^^^^^^^^^
  File "/usr/local/lib/python3.11/site-packages/django/views/decorators/csrf.py", line 56, in wrapper_view
    return view_func(*args, **kwargs)
           ^^^^^^^^^^^^^^^^^^^^^^^^^^
  File "/usr/local/lib/python3.11/site-packages/django/views/generic/base.py", line 105, in view
    return self.dispatch(request, *args, **kwargs)
           ^^^^^^^^^^^^^^^^^^^^^^^^^^^^^^^^^^^^^^^
  File "/usr/local/lib/python3.11/site-packages/rest_framework/views.py", line 515, in dispatch
    response = self.handle_exception(exc)
               ^^^^^^^^^^^^^^^^^^^^^^^^^^
  File "/usr/local/lib/python3.11/site-packages/rest_framework/views.py", line 475, in handle_exception
    self.raise_uncaught_exception(exc)
  File "/usr/local/lib/python3.11/site-packages/rest_framework/views.py", line 486, in raise_uncaught_exception
    raise exc
  File "/usr/local/lib/python3.11/site-packages/rest_framework/views.py", line 512, in dispatch
    response = handler(request, *args, **kwargs)
               ^^^^^^^^^^^^^^^^^^^^^^^^^^^^^^^^^
  File "/usr/local/lib/python3.11/site-packages/drf_spectacular/views.py", line 84, in get
    return self._get_schema_response(request)
           ^^^^^^^^^^^^^^^^^^^^^^^^^^^^^^^^^^
  File "/usr/local/lib/python3.11/site-packages/drf_spectacular/views.py", line 92, in _get_schema_response
    data=generator.get_schema(request=request, public=self.serve_public),
         ^^^^^^^^^^^^^^^^^^^^^^^^^^^^^^^^^^^^^^^^^^^^^^^^^^^^^^^^^^^^^^^
  File "/usr/local/lib/python3.11/site-packages/drf_spectacular/generators.py", line 287, in get_schema
    paths=self.parse(request, public),
          ^^^^^^^^^^^^^^^^^^^^^^^^^^^
  File "/usr/local/lib/python3.11/site-packages/drf_spectacular/generators.py", line 258, in parse
    operation = view.schema.get_operation(
                ^^^^^^^^^^^^^^^^^^^^^^^^^^
  File "/usr/local/lib/python3.11/site-packages/drf_spectacular/openapi.py", line 113, in get_operation
    operation['responses'] = self._get_response_bodies()
                             ^^^^^^^^^^^^^^^^^^^^^^^^^^^
  File "/usr/local/lib/python3.11/site-packages/drf_spectacular/openapi.py", line 1407, in _get_response_bodies
    return {'200': self._get_response_for_code(response_serializers, '200', direction=direction)}
                   ^^^^^^^^^^^^^^^^^^^^^^^^^^^^^^^^^^^^^^^^^^^^^^^^^^^^^^^^^^^^^^^^^^^^^^^^^^^^^
  File "/usr/local/lib/python3.11/site-packages/drf_spectacular/openapi.py", line 1463, in _get_response_for_code
    component = self.resolve_serializer(serializer, direction)
                ^^^^^^^^^^^^^^^^^^^^^^^^^^^^^^^^^^^^^^^^^^^^^^
  File "/usr/local/lib/python3.11/site-packages/drf_spectacular/openapi.py", line 1658, in resolve_serializer
    component.schema = self._map_serializer(serializer, direction, bypass_extensions)
                       ^^^^^^^^^^^^^^^^^^^^^^^^^^^^^^^^^^^^^^^^^^^^^^^^^^^^^^^^^^^^^^
  File "/usr/local/lib/python3.11/site-packages/drf_spectacular/openapi.py", line 959, in _map_serializer
    schema = self._map_basic_serializer(serializer, direction)
             ^^^^^^^^^^^^^^^^^^^^^^^^^^^^^^^^^^^^^^^^^^^^^^^^^
  File "/usr/local/lib/python3.11/site-packages/drf_spectacular/openapi.py", line 1052, in _map_basic_serializer
    for field in serializer.fields.values():
                 ^^^^^^^^^^^^^^^^^
  File "/usr/local/lib/python3.11/site-packages/django/utils/functional.py", line 57, in __get__
    res = instance.__dict__[self.name] = self.func(instance)
                                         ^^^^^^^^^^^^^^^^^^^
  File "/usr/local/lib/python3.11/site-packages/rest_framework/serializers.py", line 387, in fields
    fields[key] = value
    ~~~~~~^^^^^
  File "/usr/local/lib/python3.11/site-packages/rest_framework/utils/serializer_helpers.py", line 165, in __setitem__
    field.bind(field_name=key, parent=self.serializer)
  File "/usr/local/lib/python3.11/site-packages/rest_framework/fields.py", line 358, in bind
    assert self.source != field_name, (
           ^^^^^^^^^^^^^^^^^^^^^^^^^
AssertionError: It is redundant to specify `source='teacher_id'` on field 'IntegerField' in serializer 'CourseListSerializer', because it is the same as the field name. Remove the `source` keyword argument.
"GET /api/schema/ HTTP/1.1" 500 172355
"GET /api/swagger/ HTTP/1.1" 200 4653
Internal Server Error: /api/schema/
Traceback (most recent call last):
  File "/usr/local/lib/python3.11/site-packages/django/core/handlers/exception.py", line 55, in inner
    response = get_response(request)
               ^^^^^^^^^^^^^^^^^^^^^
  File "/usr/local/lib/python3.11/site-packages/django/core/handlers/base.py", line 197, in _get_response
    response = wrapped_callback(request, *callback_args, **callback_kwargs)
               ^^^^^^^^^^^^^^^^^^^^^^^^^^^^^^^^^^^^^^^^^^^^^^^^^^^^^^^^^^^^
  File "/usr/local/lib/python3.11/site-packages/django/views/decorators/csrf.py", line 56, in wrapper_view
    return view_func(*args, **kwargs)
           ^^^^^^^^^^^^^^^^^^^^^^^^^^
  File "/usr/local/lib/python3.11/site-packages/django/views/generic/base.py", line 105, in view
    return self.dispatch(request, *args, **kwargs)
           ^^^^^^^^^^^^^^^^^^^^^^^^^^^^^^^^^^^^^^^
  File "/usr/local/lib/python3.11/site-packages/rest_framework/views.py", line 515, in dispatch
    response = self.handle_exception(exc)
               ^^^^^^^^^^^^^^^^^^^^^^^^^^
  File "/usr/local/lib/python3.11/site-packages/rest_framework/views.py", line 475, in handle_exception
    self.raise_uncaught_exception(exc)
  File "/usr/local/lib/python3.11/site-packages/rest_framework/views.py", line 486, in raise_uncaught_exception
    raise exc
  File "/usr/local/lib/python3.11/site-packages/rest_framework/views.py", line 512, in dispatch
    response = handler(request, *args, **kwargs)
               ^^^^^^^^^^^^^^^^^^^^^^^^^^^^^^^^^
  File "/usr/local/lib/python3.11/site-packages/drf_spectacular/views.py", line 84, in get
    return self._get_schema_response(request)
           ^^^^^^^^^^^^^^^^^^^^^^^^^^^^^^^^^^
  File "/usr/local/lib/python3.11/site-packages/drf_spectacular/views.py", line 92, in _get_schema_response
    data=generator.get_schema(request=request, public=self.serve_public),
         ^^^^^^^^^^^^^^^^^^^^^^^^^^^^^^^^^^^^^^^^^^^^^^^^^^^^^^^^^^^^^^^
  File "/usr/local/lib/python3.11/site-packages/drf_spectacular/generators.py", line 287, in get_schema
    paths=self.parse(request, public),
          ^^^^^^^^^^^^^^^^^^^^^^^^^^^
  File "/usr/local/lib/python3.11/site-packages/drf_spectacular/generators.py", line 258, in parse
    operation = view.schema.get_operation(
                ^^^^^^^^^^^^^^^^^^^^^^^^^^
  File "/usr/local/lib/python3.11/site-packages/drf_spectacular/openapi.py", line 113, in get_operation
    operation['responses'] = self._get_response_bodies()
                             ^^^^^^^^^^^^^^^^^^^^^^^^^^^
  File "/usr/local/lib/python3.11/site-packages/drf_spectacular/openapi.py", line 1407, in _get_response_bodies
    return {'200': self._get_response_for_code(response_serializers, '200', direction=direction)}
                   ^^^^^^^^^^^^^^^^^^^^^^^^^^^^^^^^^^^^^^^^^^^^^^^^^^^^^^^^^^^^^^^^^^^^^^^^^^^^^
  File "/usr/local/lib/python3.11/site-packages/drf_spectacular/openapi.py", line 1463, in _get_response_for_code
    component = self.resolve_serializer(serializer, direction)
                ^^^^^^^^^^^^^^^^^^^^^^^^^^^^^^^^^^^^^^^^^^^^^^
  File "/usr/local/lib/python3.11/site-packages/drf_spectacular/openapi.py", line 1658, in resolve_serializer
    component.schema = self._map_serializer(serializer, direction, bypass_extensions)
                       ^^^^^^^^^^^^^^^^^^^^^^^^^^^^^^^^^^^^^^^^^^^^^^^^^^^^^^^^^^^^^^
  File "/usr/local/lib/python3.11/site-packages/drf_spectacular/openapi.py", line 959, in _map_serializer
    schema = self._map_basic_serializer(serializer, direction)
             ^^^^^^^^^^^^^^^^^^^^^^^^^^^^^^^^^^^^^^^^^^^^^^^^^
  File "/usr/local/lib/python3.11/site-packages/drf_spectacular/openapi.py", line 1052, in _map_basic_serializer
    for field in serializer.fields.values():
                 ^^^^^^^^^^^^^^^^^
  File "/usr/local/lib/python3.11/site-packages/django/utils/functional.py", line 57, in __get__
    res = instance.__dict__[self.name] = self.func(instance)
                                         ^^^^^^^^^^^^^^^^^^^
  File "/usr/local/lib/python3.11/site-packages/rest_framework/serializers.py", line 387, in fields
    fields[key] = value
    ~~~~~~^^^^^
  File "/usr/local/lib/python3.11/site-packages/rest_framework/utils/serializer_helpers.py", line 165, in __setitem__
    field.bind(field_name=key, parent=self.serializer)
  File "/usr/local/lib/python3.11/site-packages/rest_framework/fields.py", line 358, in bind
    assert self.source != field_name, (
           ^^^^^^^^^^^^^^^^^^^^^^^^^
AssertionError: It is redundant to specify `source='teacher_id'` on field 'IntegerField' in serializer 'CourseListSerializer', because it is the same as the field name. Remove the `source` keyword argument.
"GET /api/schema/ HTTP/1.1" 500 172355
Internal Server Error: /api/schema/
Traceback (most recent call last):
  File "/usr/local/lib/python3.11/site-packages/django/core/handlers/exception.py", line 55, in inner
    response = get_response(request)
               ^^^^^^^^^^^^^^^^^^^^^
  File "/usr/local/lib/python3.11/site-packages/django/core/handlers/base.py", line 197, in _get_response
    response = wrapped_callback(request, *callback_args, **callback_kwargs)
               ^^^^^^^^^^^^^^^^^^^^^^^^^^^^^^^^^^^^^^^^^^^^^^^^^^^^^^^^^^^^
  File "/usr/local/lib/python3.11/site-packages/django/views/decorators/csrf.py", line 56, in wrapper_view
    return view_func(*args, **kwargs)
           ^^^^^^^^^^^^^^^^^^^^^^^^^^
  File "/usr/local/lib/python3.11/site-packages/django/views/generic/base.py", line 105, in view
    return self.dispatch(request, *args, **kwargs)
           ^^^^^^^^^^^^^^^^^^^^^^^^^^^^^^^^^^^^^^^
  File "/usr/local/lib/python3.11/site-packages/rest_framework/views.py", line 515, in dispatch
    response = self.handle_exception(exc)
               ^^^^^^^^^^^^^^^^^^^^^^^^^^
  File "/usr/local/lib/python3.11/site-packages/rest_framework/views.py", line 475, in handle_exception
    self.raise_uncaught_exception(exc)
  File "/usr/local/lib/python3.11/site-packages/rest_framework/views.py", line 486, in raise_uncaught_exception
    raise exc
  File "/usr/local/lib/python3.11/site-packages/rest_framework/views.py", line 512, in dispatch
    response = handler(request, *args, **kwargs)
               ^^^^^^^^^^^^^^^^^^^^^^^^^^^^^^^^^
  File "/usr/local/lib/python3.11/site-packages/drf_spectacular/views.py", line 84, in get
    return self._get_schema_response(request)
           ^^^^^^^^^^^^^^^^^^^^^^^^^^^^^^^^^^
  File "/usr/local/lib/python3.11/site-packages/drf_spectacular/views.py", line 92, in _get_schema_response
    data=generator.get_schema(request=request, public=self.serve_public),
         ^^^^^^^^^^^^^^^^^^^^^^^^^^^^^^^^^^^^^^^^^^^^^^^^^^^^^^^^^^^^^^^
  File "/usr/local/lib/python3.11/site-packages/drf_spectacular/generators.py", line 287, in get_schema
    paths=self.parse(request, public),
          ^^^^^^^^^^^^^^^^^^^^^^^^^^^
  File "/usr/local/lib/python3.11/site-packages/drf_spectacular/generators.py", line 258, in parse
    operation = view.schema.get_operation(
                ^^^^^^^^^^^^^^^^^^^^^^^^^^
  File "/usr/local/lib/python3.11/site-packages/drf_spectacular/openapi.py", line 113, in get_operation
    operation['responses'] = self._get_response_bodies()
                             ^^^^^^^^^^^^^^^^^^^^^^^^^^^
  File "/usr/local/lib/python3.11/site-packages/drf_spectacular/openapi.py", line 1407, in _get_response_bodies
    return {'200': self._get_response_for_code(response_serializers, '200', direction=direction)}
                   ^^^^^^^^^^^^^^^^^^^^^^^^^^^^^^^^^^^^^^^^^^^^^^^^^^^^^^^^^^^^^^^^^^^^^^^^^^^^^
  File "/usr/local/lib/python3.11/site-packages/drf_spectacular/openapi.py", line 1463, in _get_response_for_code
    component = self.resolve_serializer(serializer, direction)
                ^^^^^^^^^^^^^^^^^^^^^^^^^^^^^^^^^^^^^^^^^^^^^^
  File "/usr/local/lib/python3.11/site-packages/drf_spectacular/openapi.py", line 1658, in resolve_serializer
    component.schema = self._map_serializer(serializer, direction, bypass_extensions)
                       ^^^^^^^^^^^^^^^^^^^^^^^^^^^^^^^^^^^^^^^^^^^^^^^^^^^^^^^^^^^^^^
  File "/usr/local/lib/python3.11/site-packages/drf_spectacular/openapi.py", line 959, in _map_serializer
    schema = self._map_basic_serializer(serializer, direction)
             ^^^^^^^^^^^^^^^^^^^^^^^^^^^^^^^^^^^^^^^^^^^^^^^^^
  File "/usr/local/lib/python3.11/site-packages/drf_spectacular/openapi.py", line 1052, in _map_basic_serializer
    for field in serializer.fields.values():
                 ^^^^^^^^^^^^^^^^^
  File "/usr/local/lib/python3.11/site-packages/django/utils/functional.py", line 57, in __get__
    res = instance.__dict__[self.name] = self.func(instance)
                                         ^^^^^^^^^^^^^^^^^^^
  File "/usr/local/lib/python3.11/site-packages/rest_framework/serializers.py", line 387, in fields
    fields[key] = value
    ~~~~~~^^^^^
  File "/usr/local/lib/python3.11/site-packages/rest_framework/utils/serializer_helpers.py", line 165, in __setitem__
    field.bind(field_name=key, parent=self.serializer)
  File "/usr/local/lib/python3.11/site-packages/rest_framework/fields.py", line 358, in bind
    assert self.source != field_name, (
           ^^^^^^^^^^^^^^^^^^^^^^^^^
AssertionError: It is redundant to specify `source='teacher_id'` on field 'IntegerField' in serializer 'CourseListSerializer', because it is the same as the field name. Remove the `source` keyword argument.
"GET /api/schema/ HTTP/1.1" 500 172355
"GET /api/swagger/ HTTP/1.1" 200 4653
Internal Server Error: /api/schema/
Traceback (most recent call last):
  File "/usr/local/lib/python3.11/site-packages/django/core/handlers/exception.py", line 55, in inner
    response = get_response(request)
               ^^^^^^^^^^^^^^^^^^^^^
  File "/usr/local/lib/python3.11/site-packages/django/core/handlers/base.py", line 197, in _get_response
    response = wrapped_callback(request, *callback_args, **callback_kwargs)
               ^^^^^^^^^^^^^^^^^^^^^^^^^^^^^^^^^^^^^^^^^^^^^^^^^^^^^^^^^^^^
  File "/usr/local/lib/python3.11/site-packages/django/views/decorators/csrf.py", line 56, in wrapper_view
    return view_func(*args, **kwargs)
           ^^^^^^^^^^^^^^^^^^^^^^^^^^
  File "/usr/local/lib/python3.11/site-packages/django/views/generic/base.py", line 105, in view
    return self.dispatch(request, *args, **kwargs)
           ^^^^^^^^^^^^^^^^^^^^^^^^^^^^^^^^^^^^^^^
  File "/usr/local/lib/python3.11/site-packages/rest_framework/views.py", line 515, in dispatch
    response = self.handle_exception(exc)
               ^^^^^^^^^^^^^^^^^^^^^^^^^^
  File "/usr/local/lib/python3.11/site-packages/rest_framework/views.py", line 475, in handle_exception
    self.raise_uncaught_exception(exc)
  File "/usr/local/lib/python3.11/site-packages/rest_framework/views.py", line 486, in raise_uncaught_exception
    raise exc
  File "/usr/local/lib/python3.11/site-packages/rest_framework/views.py", line 512, in dispatch
    response = handler(request, *args, **kwargs)
               ^^^^^^^^^^^^^^^^^^^^^^^^^^^^^^^^^
  File "/usr/local/lib/python3.11/site-packages/drf_spectacular/views.py", line 84, in get
    return self._get_schema_response(request)
           ^^^^^^^^^^^^^^^^^^^^^^^^^^^^^^^^^^
  File "/usr/local/lib/python3.11/site-packages/drf_spectacular/views.py", line 92, in _get_schema_response
    data=generator.get_schema(request=request, public=self.serve_public),
         ^^^^^^^^^^^^^^^^^^^^^^^^^^^^^^^^^^^^^^^^^^^^^^^^^^^^^^^^^^^^^^^
  File "/usr/local/lib/python3.11/site-packages/drf_spectacular/generators.py", line 287, in get_schema
    paths=self.parse(request, public),
          ^^^^^^^^^^^^^^^^^^^^^^^^^^^
  File "/usr/local/lib/python3.11/site-packages/drf_spectacular/generators.py", line 258, in parse
    operation = view.schema.get_operation(
                ^^^^^^^^^^^^^^^^^^^^^^^^^^
  File "/usr/local/lib/python3.11/site-packages/drf_spectacular/openapi.py", line 113, in get_operation
    operation['responses'] = self._get_response_bodies()
                             ^^^^^^^^^^^^^^^^^^^^^^^^^^^
  File "/usr/local/lib/python3.11/site-packages/drf_spectacular/openapi.py", line 1407, in _get_response_bodies
    return {'200': self._get_response_for_code(response_serializers, '200', direction=direction)}
                   ^^^^^^^^^^^^^^^^^^^^^^^^^^^^^^^^^^^^^^^^^^^^^^^^^^^^^^^^^^^^^^^^^^^^^^^^^^^^^
  File "/usr/local/lib/python3.11/site-packages/drf_spectacular/openapi.py", line 1463, in _get_response_for_code
    component = self.resolve_serializer(serializer, direction)
                ^^^^^^^^^^^^^^^^^^^^^^^^^^^^^^^^^^^^^^^^^^^^^^
  File "/usr/local/lib/python3.11/site-packages/drf_spectacular/openapi.py", line 1658, in resolve_serializer
    component.schema = self._map_serializer(serializer, direction, bypass_extensions)
                       ^^^^^^^^^^^^^^^^^^^^^^^^^^^^^^^^^^^^^^^^^^^^^^^^^^^^^^^^^^^^^^
  File "/usr/local/lib/python3.11/site-packages/drf_spectacular/openapi.py", line 959, in _map_serializer
    schema = self._map_basic_serializer(serializer, direction)
             ^^^^^^^^^^^^^^^^^^^^^^^^^^^^^^^^^^^^^^^^^^^^^^^^^
  File "/usr/local/lib/python3.11/site-packages/drf_spectacular/openapi.py", line 1052, in _map_basic_serializer
    for field in serializer.fields.values():
                 ^^^^^^^^^^^^^^^^^
  File "/usr/local/lib/python3.11/site-packages/django/utils/functional.py", line 57, in __get__
    res = instance.__dict__[self.name] = self.func(instance)
                                         ^^^^^^^^^^^^^^^^^^^
  File "/usr/local/lib/python3.11/site-packages/rest_framework/serializers.py", line 387, in fields
    fields[key] = value
    ~~~~~~^^^^^
  File "/usr/local/lib/python3.11/site-packages/rest_framework/utils/serializer_helpers.py", line 165, in __setitem__
    field.bind(field_name=key, parent=self.serializer)
  File "/usr/local/lib/python3.11/site-packages/rest_framework/fields.py", line 358, in bind
    assert self.source != field_name, (
           ^^^^^^^^^^^^^^^^^^^^^^^^^
AssertionError: It is redundant to specify `source='teacher_id'` on field 'IntegerField' in serializer 'CourseListSerializer', because it is the same as the field name. Remove the `source` keyword argument.
"GET /api/schema/ HTTP/1.1" 500 172355
Internal Server Error: /api/schema/
Traceback (most recent call last):
  File "/usr/local/lib/python3.11/site-packages/django/core/handlers/exception.py", line 55, in inner
    response = get_response(request)
               ^^^^^^^^^^^^^^^^^^^^^
  File "/usr/local/lib/python3.11/site-packages/django/core/handlers/base.py", line 197, in _get_response
    response = wrapped_callback(request, *callback_args, **callback_kwargs)
               ^^^^^^^^^^^^^^^^^^^^^^^^^^^^^^^^^^^^^^^^^^^^^^^^^^^^^^^^^^^^
  File "/usr/local/lib/python3.11/site-packages/django/views/decorators/csrf.py", line 56, in wrapper_view
    return view_func(*args, **kwargs)
           ^^^^^^^^^^^^^^^^^^^^^^^^^^
  File "/usr/local/lib/python3.11/site-packages/django/views/generic/base.py", line 105, in view
    return self.dispatch(request, *args, **kwargs)
           ^^^^^^^^^^^^^^^^^^^^^^^^^^^^^^^^^^^^^^^
  File "/usr/local/lib/python3.11/site-packages/rest_framework/views.py", line 515, in dispatch
    response = self.handle_exception(exc)
               ^^^^^^^^^^^^^^^^^^^^^^^^^^
  File "/usr/local/lib/python3.11/site-packages/rest_framework/views.py", line 475, in handle_exception
    self.raise_uncaught_exception(exc)
  File "/usr/local/lib/python3.11/site-packages/rest_framework/views.py", line 486, in raise_uncaught_exception
    raise exc
  File "/usr/local/lib/python3.11/site-packages/rest_framework/views.py", line 512, in dispatch
    response = handler(request, *args, **kwargs)
               ^^^^^^^^^^^^^^^^^^^^^^^^^^^^^^^^^
  File "/usr/local/lib/python3.11/site-packages/drf_spectacular/views.py", line 84, in get
    return self._get_schema_response(request)
           ^^^^^^^^^^^^^^^^^^^^^^^^^^^^^^^^^^
  File "/usr/local/lib/python3.11/site-packages/drf_spectacular/views.py", line 92, in _get_schema_response
    data=generator.get_schema(request=request, public=self.serve_public),
         ^^^^^^^^^^^^^^^^^^^^^^^^^^^^^^^^^^^^^^^^^^^^^^^^^^^^^^^^^^^^^^^
  File "/usr/local/lib/python3.11/site-packages/drf_spectacular/generators.py", line 287, in get_schema
    paths=self.parse(request, public),
          ^^^^^^^^^^^^^^^^^^^^^^^^^^^
  File "/usr/local/lib/python3.11/site-packages/drf_spectacular/generators.py", line 258, in parse
    operation = view.schema.get_operation(
                ^^^^^^^^^^^^^^^^^^^^^^^^^^
  File "/usr/local/lib/python3.11/site-packages/drf_spectacular/openapi.py", line 113, in get_operation
    operation['responses'] = self._get_response_bodies()
                             ^^^^^^^^^^^^^^^^^^^^^^^^^^^
  File "/usr/local/lib/python3.11/site-packages/drf_spectacular/openapi.py", line 1407, in _get_response_bodies
    return {'200': self._get_response_for_code(response_serializers, '200', direction=direction)}
                   ^^^^^^^^^^^^^^^^^^^^^^^^^^^^^^^^^^^^^^^^^^^^^^^^^^^^^^^^^^^^^^^^^^^^^^^^^^^^^
  File "/usr/local/lib/python3.11/site-packages/drf_spectacular/openapi.py", line 1463, in _get_response_for_code
    component = self.resolve_serializer(serializer, direction)
                ^^^^^^^^^^^^^^^^^^^^^^^^^^^^^^^^^^^^^^^^^^^^^^
  File "/usr/local/lib/python3.11/site-packages/drf_spectacular/openapi.py", line 1658, in resolve_serializer
    component.schema = self._map_serializer(serializer, direction, bypass_extensions)
                       ^^^^^^^^^^^^^^^^^^^^^^^^^^^^^^^^^^^^^^^^^^^^^^^^^^^^^^^^^^^^^^
  File "/usr/local/lib/python3.11/site-packages/drf_spectacular/openapi.py", line 959, in _map_serializer
    schema = self._map_basic_serializer(serializer, direction)
             ^^^^^^^^^^^^^^^^^^^^^^^^^^^^^^^^^^^^^^^^^^^^^^^^^
  File "/usr/local/lib/python3.11/site-packages/drf_spectacular/openapi.py", line 1052, in _map_basic_serializer
    for field in serializer.fields.values():
                 ^^^^^^^^^^^^^^^^^
  File "/usr/local/lib/python3.11/site-packages/django/utils/functional.py", line 57, in __get__
    res = instance.__dict__[self.name] = self.func(instance)
                                         ^^^^^^^^^^^^^^^^^^^
  File "/usr/local/lib/python3.11/site-packages/rest_framework/serializers.py", line 387, in fields
    fields[key] = value
    ~~~~~~^^^^^
  File "/usr/local/lib/python3.11/site-packages/rest_framework/utils/serializer_helpers.py", line 165, in __setitem__
    field.bind(field_name=key, parent=self.serializer)
  File "/usr/local/lib/python3.11/site-packages/rest_framework/fields.py", line 358, in bind
    assert self.source != field_name, (
           ^^^^^^^^^^^^^^^^^^^^^^^^^
AssertionError: It is redundant to specify `source='teacher_id'` on field 'IntegerField' in serializer 'CourseListSerializer', because it is the same as the field name. Remove the `source` keyword argument.
"GET /api/schema/ HTTP/1.1" 500 172355
"GET /api/swagger/ HTTP/1.1" 200 4653
Internal Server Error: /api/schema/
Traceback (most recent call last):
  File "/usr/local/lib/python3.11/site-packages/django/core/handlers/exception.py", line 55, in inner
    response = get_response(request)
               ^^^^^^^^^^^^^^^^^^^^^
  File "/usr/local/lib/python3.11/site-packages/django/core/handlers/base.py", line 197, in _get_response
    response = wrapped_callback(request, *callback_args, **callback_kwargs)
               ^^^^^^^^^^^^^^^^^^^^^^^^^^^^^^^^^^^^^^^^^^^^^^^^^^^^^^^^^^^^
  File "/usr/local/lib/python3.11/site-packages/django/views/decorators/csrf.py", line 56, in wrapper_view
    return view_func(*args, **kwargs)
           ^^^^^^^^^^^^^^^^^^^^^^^^^^
  File "/usr/local/lib/python3.11/site-packages/django/views/generic/base.py", line 105, in view
    return self.dispatch(request, *args, **kwargs)
           ^^^^^^^^^^^^^^^^^^^^^^^^^^^^^^^^^^^^^^^
  File "/usr/local/lib/python3.11/site-packages/rest_framework/views.py", line 515, in dispatch
    response = self.handle_exception(exc)
               ^^^^^^^^^^^^^^^^^^^^^^^^^^
  File "/usr/local/lib/python3.11/site-packages/rest_framework/views.py", line 475, in handle_exception
    self.raise_uncaught_exception(exc)
  File "/usr/local/lib/python3.11/site-packages/rest_framework/views.py", line 486, in raise_uncaught_exception
    raise exc
  File "/usr/local/lib/python3.11/site-packages/rest_framework/views.py", line 512, in dispatch
    response = handler(request, *args, **kwargs)
               ^^^^^^^^^^^^^^^^^^^^^^^^^^^^^^^^^
  File "/usr/local/lib/python3.11/site-packages/drf_spectacular/views.py", line 84, in get
    return self._get_schema_response(request)
           ^^^^^^^^^^^^^^^^^^^^^^^^^^^^^^^^^^
  File "/usr/local/lib/python3.11/site-packages/drf_spectacular/views.py", line 92, in _get_schema_response
    data=generator.get_schema(request=request, public=self.serve_public),
         ^^^^^^^^^^^^^^^^^^^^^^^^^^^^^^^^^^^^^^^^^^^^^^^^^^^^^^^^^^^^^^^
  File "/usr/local/lib/python3.11/site-packages/drf_spectacular/generators.py", line 287, in get_schema
    paths=self.parse(request, public),
          ^^^^^^^^^^^^^^^^^^^^^^^^^^^
  File "/usr/local/lib/python3.11/site-packages/drf_spectacular/generators.py", line 258, in parse
    operation = view.schema.get_operation(
                ^^^^^^^^^^^^^^^^^^^^^^^^^^
  File "/usr/local/lib/python3.11/site-packages/drf_spectacular/openapi.py", line 113, in get_operation
    operation['responses'] = self._get_response_bodies()
                             ^^^^^^^^^^^^^^^^^^^^^^^^^^^
  File "/usr/local/lib/python3.11/site-packages/drf_spectacular/openapi.py", line 1407, in _get_response_bodies
    return {'200': self._get_response_for_code(response_serializers, '200', direction=direction)}
                   ^^^^^^^^^^^^^^^^^^^^^^^^^^^^^^^^^^^^^^^^^^^^^^^^^^^^^^^^^^^^^^^^^^^^^^^^^^^^^
  File "/usr/local/lib/python3.11/site-packages/drf_spectacular/openapi.py", line 1463, in _get_response_for_code
    component = self.resolve_serializer(serializer, direction)
                ^^^^^^^^^^^^^^^^^^^^^^^^^^^^^^^^^^^^^^^^^^^^^^
  File "/usr/local/lib/python3.11/site-packages/drf_spectacular/openapi.py", line 1658, in resolve_serializer
    component.schema = self._map_serializer(serializer, direction, bypass_extensions)
                       ^^^^^^^^^^^^^^^^^^^^^^^^^^^^^^^^^^^^^^^^^^^^^^^^^^^^^^^^^^^^^^
  File "/usr/local/lib/python3.11/site-packages/drf_spectacular/openapi.py", line 959, in _map_serializer
    schema = self._map_basic_serializer(serializer, direction)
             ^^^^^^^^^^^^^^^^^^^^^^^^^^^^^^^^^^^^^^^^^^^^^^^^^
  File "/usr/local/lib/python3.11/site-packages/drf_spectacular/openapi.py", line 1052, in _map_basic_serializer
    for field in serializer.fields.values():
                 ^^^^^^^^^^^^^^^^^
  File "/usr/local/lib/python3.11/site-packages/django/utils/functional.py", line 57, in __get__
    res = instance.__dict__[self.name] = self.func(instance)
                                         ^^^^^^^^^^^^^^^^^^^
  File "/usr/local/lib/python3.11/site-packages/rest_framework/serializers.py", line 387, in fields
    fields[key] = value
    ~~~~~~^^^^^
  File "/usr/local/lib/python3.11/site-packages/rest_framework/utils/serializer_helpers.py", line 165, in __setitem__
    field.bind(field_name=key, parent=self.serializer)
  File "/usr/local/lib/python3.11/site-packages/rest_framework/fields.py", line 358, in bind
    assert self.source != field_name, (
           ^^^^^^^^^^^^^^^^^^^^^^^^^
AssertionError: It is redundant to specify `source='teacher_id'` on field 'IntegerField' in serializer 'CourseListSerializer', because it is the same as the field name. Remove the `source` keyword argument.
"GET /api/schema/ HTTP/1.1" 500 172355
Internal Server Error: /api/schema/
Traceback (most recent call last):
  File "/usr/local/lib/python3.11/site-packages/django/core/handlers/exception.py", line 55, in inner
    response = get_response(request)
               ^^^^^^^^^^^^^^^^^^^^^
  File "/usr/local/lib/python3.11/site-packages/django/core/handlers/base.py", line 197, in _get_response
    response = wrapped_callback(request, *callback_args, **callback_kwargs)
               ^^^^^^^^^^^^^^^^^^^^^^^^^^^^^^^^^^^^^^^^^^^^^^^^^^^^^^^^^^^^
  File "/usr/local/lib/python3.11/site-packages/django/views/decorators/csrf.py", line 56, in wrapper_view
    return view_func(*args, **kwargs)
           ^^^^^^^^^^^^^^^^^^^^^^^^^^
  File "/usr/local/lib/python3.11/site-packages/django/views/generic/base.py", line 105, in view
    return self.dispatch(request, *args, **kwargs)
           ^^^^^^^^^^^^^^^^^^^^^^^^^^^^^^^^^^^^^^^
  File "/usr/local/lib/python3.11/site-packages/rest_framework/views.py", line 515, in dispatch
    response = self.handle_exception(exc)
               ^^^^^^^^^^^^^^^^^^^^^^^^^^
  File "/usr/local/lib/python3.11/site-packages/rest_framework/views.py", line 475, in handle_exception
    self.raise_uncaught_exception(exc)
  File "/usr/local/lib/python3.11/site-packages/rest_framework/views.py", line 486, in raise_uncaught_exception
    raise exc
  File "/usr/local/lib/python3.11/site-packages/rest_framework/views.py", line 512, in dispatch
    response = handler(request, *args, **kwargs)
               ^^^^^^^^^^^^^^^^^^^^^^^^^^^^^^^^^
  File "/usr/local/lib/python3.11/site-packages/drf_spectacular/views.py", line 84, in get
    return self._get_schema_response(request)
           ^^^^^^^^^^^^^^^^^^^^^^^^^^^^^^^^^^
  File "/usr/local/lib/python3.11/site-packages/drf_spectacular/views.py", line 92, in _get_schema_response
    data=generator.get_schema(request=request, public=self.serve_public),
         ^^^^^^^^^^^^^^^^^^^^^^^^^^^^^^^^^^^^^^^^^^^^^^^^^^^^^^^^^^^^^^^
  File "/usr/local/lib/python3.11/site-packages/drf_spectacular/generators.py", line 287, in get_schema
    paths=self.parse(request, public),
          ^^^^^^^^^^^^^^^^^^^^^^^^^^^
  File "/usr/local/lib/python3.11/site-packages/drf_spectacular/generators.py", line 258, in parse
    operation = view.schema.get_operation(
                ^^^^^^^^^^^^^^^^^^^^^^^^^^
  File "/usr/local/lib/python3.11/site-packages/drf_spectacular/openapi.py", line 113, in get_operation
    operation['responses'] = self._get_response_bodies()
                             ^^^^^^^^^^^^^^^^^^^^^^^^^^^
  File "/usr/local/lib/python3.11/site-packages/drf_spectacular/openapi.py", line 1407, in _get_response_bodies
    return {'200': self._get_response_for_code(response_serializers, '200', direction=direction)}
                   ^^^^^^^^^^^^^^^^^^^^^^^^^^^^^^^^^^^^^^^^^^^^^^^^^^^^^^^^^^^^^^^^^^^^^^^^^^^^^
  File "/usr/local/lib/python3.11/site-packages/drf_spectacular/openapi.py", line 1463, in _get_response_for_code
    component = self.resolve_serializer(serializer, direction)
                ^^^^^^^^^^^^^^^^^^^^^^^^^^^^^^^^^^^^^^^^^^^^^^
  File "/usr/local/lib/python3.11/site-packages/drf_spectacular/openapi.py", line 1658, in resolve_serializer
    component.schema = self._map_serializer(serializer, direction, bypass_extensions)
                       ^^^^^^^^^^^^^^^^^^^^^^^^^^^^^^^^^^^^^^^^^^^^^^^^^^^^^^^^^^^^^^
  File "/usr/local/lib/python3.11/site-packages/drf_spectacular/openapi.py", line 959, in _map_serializer
    schema = self._map_basic_serializer(serializer, direction)
             ^^^^^^^^^^^^^^^^^^^^^^^^^^^^^^^^^^^^^^^^^^^^^^^^^
  File "/usr/local/lib/python3.11/site-packages/drf_spectacular/openapi.py", line 1052, in _map_basic_serializer
    for field in serializer.fields.values():
                 ^^^^^^^^^^^^^^^^^
  File "/usr/local/lib/python3.11/site-packages/django/utils/functional.py", line 57, in __get__
    res = instance.__dict__[self.name] = self.func(instance)
                                         ^^^^^^^^^^^^^^^^^^^
  File "/usr/local/lib/python3.11/site-packages/rest_framework/serializers.py", line 387, in fields
    fields[key] = value
    ~~~~~~^^^^^
  File "/usr/local/lib/python3.11/site-packages/rest_framework/utils/serializer_helpers.py", line 165, in __setitem__
    field.bind(field_name=key, parent=self.serializer)
  File "/usr/local/lib/python3.11/site-packages/rest_framework/fields.py", line 358, in bind
    assert self.source != field_name, (
           ^^^^^^^^^^^^^^^^^^^^^^^^^
AssertionError: It is redundant to specify `source='teacher_id'` on field 'IntegerField' in serializer 'CourseListSerializer', because it is the same as the field name. Remove the `source` keyword argument.
"GET /api/schema/ HTTP/1.1" 500 172355
/app/aitmatov_digital/settings.py changed, reloading.
Watching for file changes with StatReloader
/app/aitmatov_digital/settings.py changed, reloading.
Watching for file changes with StatReloader
/app/aitmatov_digital/settings.py changed, reloading.
Watching for file changes with StatReloader
Watching for file changes with StatReloader
"GET /api/swagger/ HTTP/1.1" 200 4653
Internal Server Error: /api/schema/
Traceback (most recent call last):
  File "/usr/local/lib/python3.11/site-packages/django/core/handlers/exception.py", line 55, in inner
    response = get_response(request)
               ^^^^^^^^^^^^^^^^^^^^^
  File "/usr/local/lib/python3.11/site-packages/django/core/handlers/base.py", line 197, in _get_response
    response = wrapped_callback(request, *callback_args, **callback_kwargs)
               ^^^^^^^^^^^^^^^^^^^^^^^^^^^^^^^^^^^^^^^^^^^^^^^^^^^^^^^^^^^^
  File "/usr/local/lib/python3.11/site-packages/django/views/decorators/csrf.py", line 56, in wrapper_view
    return view_func(*args, **kwargs)
           ^^^^^^^^^^^^^^^^^^^^^^^^^^
  File "/usr/local/lib/python3.11/site-packages/django/views/generic/base.py", line 105, in view
    return self.dispatch(request, *args, **kwargs)
           ^^^^^^^^^^^^^^^^^^^^^^^^^^^^^^^^^^^^^^^
  File "/usr/local/lib/python3.11/site-packages/rest_framework/views.py", line 515, in dispatch
    response = self.handle_exception(exc)
               ^^^^^^^^^^^^^^^^^^^^^^^^^^
  File "/usr/local/lib/python3.11/site-packages/rest_framework/views.py", line 475, in handle_exception
    self.raise_uncaught_exception(exc)
  File "/usr/local/lib/python3.11/site-packages/rest_framework/views.py", line 486, in raise_uncaught_exception
    raise exc
  File "/usr/local/lib/python3.11/site-packages/rest_framework/views.py", line 512, in dispatch
    response = handler(request, *args, **kwargs)
               ^^^^^^^^^^^^^^^^^^^^^^^^^^^^^^^^^
  File "/usr/local/lib/python3.11/site-packages/drf_spectacular/views.py", line 84, in get
    return self._get_schema_response(request)
           ^^^^^^^^^^^^^^^^^^^^^^^^^^^^^^^^^^
  File "/usr/local/lib/python3.11/site-packages/drf_spectacular/views.py", line 92, in _get_schema_response
    data=generator.get_schema(request=request, public=self.serve_public),
         ^^^^^^^^^^^^^^^^^^^^^^^^^^^^^^^^^^^^^^^^^^^^^^^^^^^^^^^^^^^^^^^
  File "/usr/local/lib/python3.11/site-packages/drf_spectacular/generators.py", line 287, in get_schema
    paths=self.parse(request, public),
          ^^^^^^^^^^^^^^^^^^^^^^^^^^^
  File "/usr/local/lib/python3.11/site-packages/drf_spectacular/generators.py", line 258, in parse
    operation = view.schema.get_operation(
                ^^^^^^^^^^^^^^^^^^^^^^^^^^
  File "/usr/local/lib/python3.11/site-packages/drf_spectacular/openapi.py", line 113, in get_operation
    operation['responses'] = self._get_response_bodies()
                             ^^^^^^^^^^^^^^^^^^^^^^^^^^^
  File "/usr/local/lib/python3.11/site-packages/drf_spectacular/openapi.py", line 1407, in _get_response_bodies
    return {'200': self._get_response_for_code(response_serializers, '200', direction=direction)}
                   ^^^^^^^^^^^^^^^^^^^^^^^^^^^^^^^^^^^^^^^^^^^^^^^^^^^^^^^^^^^^^^^^^^^^^^^^^^^^^
  File "/usr/local/lib/python3.11/site-packages/drf_spectacular/openapi.py", line 1463, in _get_response_for_code
    component = self.resolve_serializer(serializer, direction)
                ^^^^^^^^^^^^^^^^^^^^^^^^^^^^^^^^^^^^^^^^^^^^^^
  File "/usr/local/lib/python3.11/site-packages/drf_spectacular/openapi.py", line 1658, in resolve_serializer
    component.schema = self._map_serializer(serializer, direction, bypass_extensions)
                       ^^^^^^^^^^^^^^^^^^^^^^^^^^^^^^^^^^^^^^^^^^^^^^^^^^^^^^^^^^^^^^
  File "/usr/local/lib/python3.11/site-packages/drf_spectacular/openapi.py", line 959, in _map_serializer
    schema = self._map_basic_serializer(serializer, direction)
             ^^^^^^^^^^^^^^^^^^^^^^^^^^^^^^^^^^^^^^^^^^^^^^^^^
  File "/usr/local/lib/python3.11/site-packages/drf_spectacular/openapi.py", line 1052, in _map_basic_serializer
    for field in serializer.fields.values():
                 ^^^^^^^^^^^^^^^^^
  File "/usr/local/lib/python3.11/site-packages/django/utils/functional.py", line 57, in __get__
    res = instance.__dict__[self.name] = self.func(instance)
                                         ^^^^^^^^^^^^^^^^^^^
  File "/usr/local/lib/python3.11/site-packages/rest_framework/serializers.py", line 387, in fields
    fields[key] = value
    ~~~~~~^^^^^
  File "/usr/local/lib/python3.11/site-packages/rest_framework/utils/serializer_helpers.py", line 165, in __setitem__
    field.bind(field_name=key, parent=self.serializer)
  File "/usr/local/lib/python3.11/site-packages/rest_framework/fields.py", line 358, in bind
    assert self.source != field_name, (
           ^^^^^^^^^^^^^^^^^^^^^^^^^
AssertionError: It is redundant to specify `source='teacher_id'` on field 'IntegerField' in serializer 'CourseListSerializer', because it is the same as the field name. Remove the `source` keyword argument.
"GET /api/schema/ HTTP/1.1" 500 173037
Internal Server Error: /api/schema/
Traceback (most recent call last):
  File "/usr/local/lib/python3.11/site-packages/django/core/handlers/exception.py", line 55, in inner
    response = get_response(request)
               ^^^^^^^^^^^^^^^^^^^^^
  File "/usr/local/lib/python3.11/site-packages/django/core/handlers/base.py", line 197, in _get_response
    response = wrapped_callback(request, *callback_args, **callback_kwargs)
               ^^^^^^^^^^^^^^^^^^^^^^^^^^^^^^^^^^^^^^^^^^^^^^^^^^^^^^^^^^^^
  File "/usr/local/lib/python3.11/site-packages/django/views/decorators/csrf.py", line 56, in wrapper_view
    return view_func(*args, **kwargs)
           ^^^^^^^^^^^^^^^^^^^^^^^^^^
  File "/usr/local/lib/python3.11/site-packages/django/views/generic/base.py", line 105, in view
    return self.dispatch(request, *args, **kwargs)
           ^^^^^^^^^^^^^^^^^^^^^^^^^^^^^^^^^^^^^^^
  File "/usr/local/lib/python3.11/site-packages/rest_framework/views.py", line 515, in dispatch
    response = self.handle_exception(exc)
               ^^^^^^^^^^^^^^^^^^^^^^^^^^
  File "/usr/local/lib/python3.11/site-packages/rest_framework/views.py", line 475, in handle_exception
    self.raise_uncaught_exception(exc)
  File "/usr/local/lib/python3.11/site-packages/rest_framework/views.py", line 486, in raise_uncaught_exception
    raise exc
  File "/usr/local/lib/python3.11/site-packages/rest_framework/views.py", line 512, in dispatch
    response = handler(request, *args, **kwargs)
               ^^^^^^^^^^^^^^^^^^^^^^^^^^^^^^^^^
  File "/usr/local/lib/python3.11/site-packages/drf_spectacular/views.py", line 84, in get
    return self._get_schema_response(request)
           ^^^^^^^^^^^^^^^^^^^^^^^^^^^^^^^^^^
  File "/usr/local/lib/python3.11/site-packages/drf_spectacular/views.py", line 92, in _get_schema_response
    data=generator.get_schema(request=request, public=self.serve_public),
         ^^^^^^^^^^^^^^^^^^^^^^^^^^^^^^^^^^^^^^^^^^^^^^^^^^^^^^^^^^^^^^^
  File "/usr/local/lib/python3.11/site-packages/drf_spectacular/generators.py", line 287, in get_schema
    paths=self.parse(request, public),
          ^^^^^^^^^^^^^^^^^^^^^^^^^^^
  File "/usr/local/lib/python3.11/site-packages/drf_spectacular/generators.py", line 258, in parse
    operation = view.schema.get_operation(
                ^^^^^^^^^^^^^^^^^^^^^^^^^^
  File "/usr/local/lib/python3.11/site-packages/drf_spectacular/openapi.py", line 113, in get_operation
    operation['responses'] = self._get_response_bodies()
                             ^^^^^^^^^^^^^^^^^^^^^^^^^^^
  File "/usr/local/lib/python3.11/site-packages/drf_spectacular/openapi.py", line 1407, in _get_response_bodies
    return {'200': self._get_response_for_code(response_serializers, '200', direction=direction)}
                   ^^^^^^^^^^^^^^^^^^^^^^^^^^^^^^^^^^^^^^^^^^^^^^^^^^^^^^^^^^^^^^^^^^^^^^^^^^^^^
  File "/usr/local/lib/python3.11/site-packages/drf_spectacular/openapi.py", line 1463, in _get_response_for_code
    component = self.resolve_serializer(serializer, direction)
                ^^^^^^^^^^^^^^^^^^^^^^^^^^^^^^^^^^^^^^^^^^^^^^
  File "/usr/local/lib/python3.11/site-packages/drf_spectacular/openapi.py", line 1658, in resolve_serializer
    component.schema = self._map_serializer(serializer, direction, bypass_extensions)
                       ^^^^^^^^^^^^^^^^^^^^^^^^^^^^^^^^^^^^^^^^^^^^^^^^^^^^^^^^^^^^^^
  File "/usr/local/lib/python3.11/site-packages/drf_spectacular/openapi.py", line 959, in _map_serializer
    schema = self._map_basic_serializer(serializer, direction)
             ^^^^^^^^^^^^^^^^^^^^^^^^^^^^^^^^^^^^^^^^^^^^^^^^^
  File "/usr/local/lib/python3.11/site-packages/drf_spectacular/openapi.py", line 1052, in _map_basic_serializer
    for field in serializer.fields.values():
                 ^^^^^^^^^^^^^^^^^
  File "/usr/local/lib/python3.11/site-packages/django/utils/functional.py", line 57, in __get__
    res = instance.__dict__[self.name] = self.func(instance)
                                         ^^^^^^^^^^^^^^^^^^^
  File "/usr/local/lib/python3.11/site-packages/rest_framework/serializers.py", line 387, in fields
    fields[key] = value
    ~~~~~~^^^^^
  File "/usr/local/lib/python3.11/site-packages/rest_framework/utils/serializer_helpers.py", line 165, in __setitem__
    field.bind(field_name=key, parent=self.serializer)
  File "/usr/local/lib/python3.11/site-packages/rest_framework/fields.py", line 358, in bind
    assert self.source != field_name, (
           ^^^^^^^^^^^^^^^^^^^^^^^^^
AssertionError: It is redundant to specify `source='teacher_id'` on field 'IntegerField' in serializer 'CourseListSerializer', because it is the same as the field name. Remove the `source` keyword argument.
"GET /api/schema/ HTTP/1.1" 500 173037
Unauthorized: /v1/messenger/groups/
"GET /v1/messenger/groups/ HTTP/1.1" 401 451
"GET /api/swagger/ HTTP/1.1" 200 4653
Internal Server Error: /api/schema/
Traceback (most recent call last):
  File "/usr/local/lib/python3.11/site-packages/django/core/handlers/exception.py", line 55, in inner
    response = get_response(request)
               ^^^^^^^^^^^^^^^^^^^^^
  File "/usr/local/lib/python3.11/site-packages/django/core/handlers/base.py", line 197, in _get_response
    response = wrapped_callback(request, *callback_args, **callback_kwargs)
               ^^^^^^^^^^^^^^^^^^^^^^^^^^^^^^^^^^^^^^^^^^^^^^^^^^^^^^^^^^^^
  File "/usr/local/lib/python3.11/site-packages/django/views/decorators/csrf.py", line 56, in wrapper_view
    return view_func(*args, **kwargs)
           ^^^^^^^^^^^^^^^^^^^^^^^^^^
  File "/usr/local/lib/python3.11/site-packages/django/views/generic/base.py", line 105, in view
    return self.dispatch(request, *args, **kwargs)
           ^^^^^^^^^^^^^^^^^^^^^^^^^^^^^^^^^^^^^^^
  File "/usr/local/lib/python3.11/site-packages/rest_framework/views.py", line 515, in dispatch
    response = self.handle_exception(exc)
               ^^^^^^^^^^^^^^^^^^^^^^^^^^
  File "/usr/local/lib/python3.11/site-packages/rest_framework/views.py", line 475, in handle_exception
    self.raise_uncaught_exception(exc)
  File "/usr/local/lib/python3.11/site-packages/rest_framework/views.py", line 486, in raise_uncaught_exception
    raise exc
  File "/usr/local/lib/python3.11/site-packages/rest_framework/views.py", line 512, in dispatch
    response = handler(request, *args, **kwargs)
               ^^^^^^^^^^^^^^^^^^^^^^^^^^^^^^^^^
  File "/usr/local/lib/python3.11/site-packages/drf_spectacular/views.py", line 84, in get
    return self._get_schema_response(request)
           ^^^^^^^^^^^^^^^^^^^^^^^^^^^^^^^^^^
  File "/usr/local/lib/python3.11/site-packages/drf_spectacular/views.py", line 92, in _get_schema_response
    data=generator.get_schema(request=request, public=self.serve_public),
         ^^^^^^^^^^^^^^^^^^^^^^^^^^^^^^^^^^^^^^^^^^^^^^^^^^^^^^^^^^^^^^^
  File "/usr/local/lib/python3.11/site-packages/drf_spectacular/generators.py", line 287, in get_schema
    paths=self.parse(request, public),
          ^^^^^^^^^^^^^^^^^^^^^^^^^^^
  File "/usr/local/lib/python3.11/site-packages/drf_spectacular/generators.py", line 258, in parse
    operation = view.schema.get_operation(
                ^^^^^^^^^^^^^^^^^^^^^^^^^^
  File "/usr/local/lib/python3.11/site-packages/drf_spectacular/openapi.py", line 113, in get_operation
    operation['responses'] = self._get_response_bodies()
                             ^^^^^^^^^^^^^^^^^^^^^^^^^^^
  File "/usr/local/lib/python3.11/site-packages/drf_spectacular/openapi.py", line 1407, in _get_response_bodies
    return {'200': self._get_response_for_code(response_serializers, '200', direction=direction)}
                   ^^^^^^^^^^^^^^^^^^^^^^^^^^^^^^^^^^^^^^^^^^^^^^^^^^^^^^^^^^^^^^^^^^^^^^^^^^^^^
  File "/usr/local/lib/python3.11/site-packages/drf_spectacular/openapi.py", line 1463, in _get_response_for_code
    component = self.resolve_serializer(serializer, direction)
                ^^^^^^^^^^^^^^^^^^^^^^^^^^^^^^^^^^^^^^^^^^^^^^
  File "/usr/local/lib/python3.11/site-packages/drf_spectacular/openapi.py", line 1658, in resolve_serializer
    component.schema = self._map_serializer(serializer, direction, bypass_extensions)
                       ^^^^^^^^^^^^^^^^^^^^^^^^^^^^^^^^^^^^^^^^^^^^^^^^^^^^^^^^^^^^^^
  File "/usr/local/lib/python3.11/site-packages/drf_spectacular/openapi.py", line 959, in _map_serializer
    schema = self._map_basic_serializer(serializer, direction)
             ^^^^^^^^^^^^^^^^^^^^^^^^^^^^^^^^^^^^^^^^^^^^^^^^^
  File "/usr/local/lib/python3.11/site-packages/drf_spectacular/openapi.py", line 1052, in _map_basic_serializer
    for field in serializer.fields.values():
                 ^^^^^^^^^^^^^^^^^
  File "/usr/local/lib/python3.11/site-packages/django/utils/functional.py", line 57, in __get__
    res = instance.__dict__[self.name] = self.func(instance)
                                         ^^^^^^^^^^^^^^^^^^^
  File "/usr/local/lib/python3.11/site-packages/rest_framework/serializers.py", line 387, in fields
    fields[key] = value
    ~~~~~~^^^^^
  File "/usr/local/lib/python3.11/site-packages/rest_framework/utils/serializer_helpers.py", line 165, in __setitem__
    field.bind(field_name=key, parent=self.serializer)
  File "/usr/local/lib/python3.11/site-packages/rest_framework/fields.py", line 358, in bind
    assert self.source != field_name, (
           ^^^^^^^^^^^^^^^^^^^^^^^^^
AssertionError: It is redundant to specify `source='teacher_id'` on field 'IntegerField' in serializer 'CourseListSerializer', because it is the same as the field name. Remove the `source` keyword argument.
"GET /api/schema/ HTTP/1.1" 500 173037
Internal Server Error: /api/schema/
Traceback (most recent call last):
  File "/usr/local/lib/python3.11/site-packages/django/core/handlers/exception.py", line 55, in inner
    response = get_response(request)
               ^^^^^^^^^^^^^^^^^^^^^
  File "/usr/local/lib/python3.11/site-packages/django/core/handlers/base.py", line 197, in _get_response
    response = wrapped_callback(request, *callback_args, **callback_kwargs)
               ^^^^^^^^^^^^^^^^^^^^^^^^^^^^^^^^^^^^^^^^^^^^^^^^^^^^^^^^^^^^
  File "/usr/local/lib/python3.11/site-packages/django/views/decorators/csrf.py", line 56, in wrapper_view
    return view_func(*args, **kwargs)
           ^^^^^^^^^^^^^^^^^^^^^^^^^^
  File "/usr/local/lib/python3.11/site-packages/django/views/generic/base.py", line 105, in view
    return self.dispatch(request, *args, **kwargs)
           ^^^^^^^^^^^^^^^^^^^^^^^^^^^^^^^^^^^^^^^
  File "/usr/local/lib/python3.11/site-packages/rest_framework/views.py", line 515, in dispatch
    response = self.handle_exception(exc)
               ^^^^^^^^^^^^^^^^^^^^^^^^^^
  File "/usr/local/lib/python3.11/site-packages/rest_framework/views.py", line 475, in handle_exception
    self.raise_uncaught_exception(exc)
  File "/usr/local/lib/python3.11/site-packages/rest_framework/views.py", line 486, in raise_uncaught_exception
    raise exc
  File "/usr/local/lib/python3.11/site-packages/rest_framework/views.py", line 512, in dispatch
    response = handler(request, *args, **kwargs)
               ^^^^^^^^^^^^^^^^^^^^^^^^^^^^^^^^^
  File "/usr/local/lib/python3.11/site-packages/drf_spectacular/views.py", line 84, in get
    return self._get_schema_response(request)
           ^^^^^^^^^^^^^^^^^^^^^^^^^^^^^^^^^^
  File "/usr/local/lib/python3.11/site-packages/drf_spectacular/views.py", line 92, in _get_schema_response
    data=generator.get_schema(request=request, public=self.serve_public),
         ^^^^^^^^^^^^^^^^^^^^^^^^^^^^^^^^^^^^^^^^^^^^^^^^^^^^^^^^^^^^^^^
  File "/usr/local/lib/python3.11/site-packages/drf_spectacular/generators.py", line 287, in get_schema
    paths=self.parse(request, public),
          ^^^^^^^^^^^^^^^^^^^^^^^^^^^
  File "/usr/local/lib/python3.11/site-packages/drf_spectacular/generators.py", line 258, in parse
    operation = view.schema.get_operation(
                ^^^^^^^^^^^^^^^^^^^^^^^^^^
  File "/usr/local/lib/python3.11/site-packages/drf_spectacular/openapi.py", line 113, in get_operation
    operation['responses'] = self._get_response_bodies()
                             ^^^^^^^^^^^^^^^^^^^^^^^^^^^
  File "/usr/local/lib/python3.11/site-packages/drf_spectacular/openapi.py", line 1407, in _get_response_bodies
    return {'200': self._get_response_for_code(response_serializers, '200', direction=direction)}
                   ^^^^^^^^^^^^^^^^^^^^^^^^^^^^^^^^^^^^^^^^^^^^^^^^^^^^^^^^^^^^^^^^^^^^^^^^^^^^^
  File "/usr/local/lib/python3.11/site-packages/drf_spectacular/openapi.py", line 1463, in _get_response_for_code
    component = self.resolve_serializer(serializer, direction)
                ^^^^^^^^^^^^^^^^^^^^^^^^^^^^^^^^^^^^^^^^^^^^^^
  File "/usr/local/lib/python3.11/site-packages/drf_spectacular/openapi.py", line 1658, in resolve_serializer
    component.schema = self._map_serializer(serializer, direction, bypass_extensions)
                       ^^^^^^^^^^^^^^^^^^^^^^^^^^^^^^^^^^^^^^^^^^^^^^^^^^^^^^^^^^^^^^
  File "/usr/local/lib/python3.11/site-packages/drf_spectacular/openapi.py", line 959, in _map_serializer
    schema = self._map_basic_serializer(serializer, direction)
             ^^^^^^^^^^^^^^^^^^^^^^^^^^^^^^^^^^^^^^^^^^^^^^^^^
  File "/usr/local/lib/python3.11/site-packages/drf_spectacular/openapi.py", line 1052, in _map_basic_serializer
    for field in serializer.fields.values():
                 ^^^^^^^^^^^^^^^^^
  File "/usr/local/lib/python3.11/site-packages/django/utils/functional.py", line 57, in __get__
    res = instance.__dict__[self.name] = self.func(instance)
                                         ^^^^^^^^^^^^^^^^^^^
  File "/usr/local/lib/python3.11/site-packages/rest_framework/serializers.py", line 387, in fields
    fields[key] = value
    ~~~~~~^^^^^
  File "/usr/local/lib/python3.11/site-packages/rest_framework/utils/serializer_helpers.py", line 165, in __setitem__
    field.bind(field_name=key, parent=self.serializer)
  File "/usr/local/lib/python3.11/site-packages/rest_framework/fields.py", line 358, in bind
    assert self.source != field_name, (
           ^^^^^^^^^^^^^^^^^^^^^^^^^
AssertionError: It is redundant to specify `source='teacher_id'` on field 'IntegerField' in serializer 'CourseListSerializer', because it is the same as the field name. Remove the `source` keyword argument.
"GET /api/schema/ HTTP/1.1" 500 173037
"GET /api/swagger/ HTTP/1.1" 200 4653
Internal Server Error: /api/schema/
Traceback (most recent call last):
  File "/usr/local/lib/python3.11/site-packages/django/core/handlers/exception.py", line 55, in inner
    response = get_response(request)
               ^^^^^^^^^^^^^^^^^^^^^
  File "/usr/local/lib/python3.11/site-packages/django/core/handlers/base.py", line 197, in _get_response
    response = wrapped_callback(request, *callback_args, **callback_kwargs)
               ^^^^^^^^^^^^^^^^^^^^^^^^^^^^^^^^^^^^^^^^^^^^^^^^^^^^^^^^^^^^
  File "/usr/local/lib/python3.11/site-packages/django/views/decorators/csrf.py", line 56, in wrapper_view
    return view_func(*args, **kwargs)
           ^^^^^^^^^^^^^^^^^^^^^^^^^^
  File "/usr/local/lib/python3.11/site-packages/django/views/generic/base.py", line 105, in view
    return self.dispatch(request, *args, **kwargs)
           ^^^^^^^^^^^^^^^^^^^^^^^^^^^^^^^^^^^^^^^
  File "/usr/local/lib/python3.11/site-packages/rest_framework/views.py", line 515, in dispatch
    response = self.handle_exception(exc)
               ^^^^^^^^^^^^^^^^^^^^^^^^^^
  File "/usr/local/lib/python3.11/site-packages/rest_framework/views.py", line 475, in handle_exception
    self.raise_uncaught_exception(exc)
  File "/usr/local/lib/python3.11/site-packages/rest_framework/views.py", line 486, in raise_uncaught_exception
    raise exc
  File "/usr/local/lib/python3.11/site-packages/rest_framework/views.py", line 512, in dispatch
    response = handler(request, *args, **kwargs)
               ^^^^^^^^^^^^^^^^^^^^^^^^^^^^^^^^^
  File "/usr/local/lib/python3.11/site-packages/drf_spectacular/views.py", line 84, in get
    return self._get_schema_response(request)
           ^^^^^^^^^^^^^^^^^^^^^^^^^^^^^^^^^^
  File "/usr/local/lib/python3.11/site-packages/drf_spectacular/views.py", line 92, in _get_schema_response
    data=generator.get_schema(request=request, public=self.serve_public),
         ^^^^^^^^^^^^^^^^^^^^^^^^^^^^^^^^^^^^^^^^^^^^^^^^^^^^^^^^^^^^^^^
  File "/usr/local/lib/python3.11/site-packages/drf_spectacular/generators.py", line 287, in get_schema
    paths=self.parse(request, public),
          ^^^^^^^^^^^^^^^^^^^^^^^^^^^
  File "/usr/local/lib/python3.11/site-packages/drf_spectacular/generators.py", line 258, in parse
    operation = view.schema.get_operation(
                ^^^^^^^^^^^^^^^^^^^^^^^^^^
  File "/usr/local/lib/python3.11/site-packages/drf_spectacular/openapi.py", line 113, in get_operation
    operation['responses'] = self._get_response_bodies()
                             ^^^^^^^^^^^^^^^^^^^^^^^^^^^
  File "/usr/local/lib/python3.11/site-packages/drf_spectacular/openapi.py", line 1407, in _get_response_bodies
    return {'200': self._get_response_for_code(response_serializers, '200', direction=direction)}
                   ^^^^^^^^^^^^^^^^^^^^^^^^^^^^^^^^^^^^^^^^^^^^^^^^^^^^^^^^^^^^^^^^^^^^^^^^^^^^^
  File "/usr/local/lib/python3.11/site-packages/drf_spectacular/openapi.py", line 1463, in _get_response_for_code
    component = self.resolve_serializer(serializer, direction)
                ^^^^^^^^^^^^^^^^^^^^^^^^^^^^^^^^^^^^^^^^^^^^^^
  File "/usr/local/lib/python3.11/site-packages/drf_spectacular/openapi.py", line 1658, in resolve_serializer
    component.schema = self._map_serializer(serializer, direction, bypass_extensions)
                       ^^^^^^^^^^^^^^^^^^^^^^^^^^^^^^^^^^^^^^^^^^^^^^^^^^^^^^^^^^^^^^
  File "/usr/local/lib/python3.11/site-packages/drf_spectacular/openapi.py", line 959, in _map_serializer
    schema = self._map_basic_serializer(serializer, direction)
             ^^^^^^^^^^^^^^^^^^^^^^^^^^^^^^^^^^^^^^^^^^^^^^^^^
  File "/usr/local/lib/python3.11/site-packages/drf_spectacular/openapi.py", line 1052, in _map_basic_serializer
    for field in serializer.fields.values():
                 ^^^^^^^^^^^^^^^^^
  File "/usr/local/lib/python3.11/site-packages/django/utils/functional.py", line 57, in __get__
    res = instance.__dict__[self.name] = self.func(instance)
                                         ^^^^^^^^^^^^^^^^^^^
  File "/usr/local/lib/python3.11/site-packages/rest_framework/serializers.py", line 387, in fields
    fields[key] = value
    ~~~~~~^^^^^
  File "/usr/local/lib/python3.11/site-packages/rest_framework/utils/serializer_helpers.py", line 165, in __setitem__
    field.bind(field_name=key, parent=self.serializer)
  File "/usr/local/lib/python3.11/site-packages/rest_framework/fields.py", line 358, in bind
    assert self.source != field_name, (
           ^^^^^^^^^^^^^^^^^^^^^^^^^
AssertionError: It is redundant to specify `source='teacher_id'` on field 'IntegerField' in serializer 'CourseListSerializer', because it is the same as the field name. Remove the `source` keyword argument.
"GET /api/schema/ HTTP/1.1" 500 173037
Internal Server Error: /api/schema/
Traceback (most recent call last):
  File "/usr/local/lib/python3.11/site-packages/django/core/handlers/exception.py", line 55, in inner
    response = get_response(request)
               ^^^^^^^^^^^^^^^^^^^^^
  File "/usr/local/lib/python3.11/site-packages/django/core/handlers/base.py", line 197, in _get_response
    response = wrapped_callback(request, *callback_args, **callback_kwargs)
               ^^^^^^^^^^^^^^^^^^^^^^^^^^^^^^^^^^^^^^^^^^^^^^^^^^^^^^^^^^^^
  File "/usr/local/lib/python3.11/site-packages/django/views/decorators/csrf.py", line 56, in wrapper_view
    return view_func(*args, **kwargs)
           ^^^^^^^^^^^^^^^^^^^^^^^^^^
  File "/usr/local/lib/python3.11/site-packages/django/views/generic/base.py", line 105, in view
    return self.dispatch(request, *args, **kwargs)
           ^^^^^^^^^^^^^^^^^^^^^^^^^^^^^^^^^^^^^^^
  File "/usr/local/lib/python3.11/site-packages/rest_framework/views.py", line 515, in dispatch
    response = self.handle_exception(exc)
               ^^^^^^^^^^^^^^^^^^^^^^^^^^
  File "/usr/local/lib/python3.11/site-packages/rest_framework/views.py", line 475, in handle_exception
    self.raise_uncaught_exception(exc)
  File "/usr/local/lib/python3.11/site-packages/rest_framework/views.py", line 486, in raise_uncaught_exception
    raise exc
  File "/usr/local/lib/python3.11/site-packages/rest_framework/views.py", line 512, in dispatch
    response = handler(request, *args, **kwargs)
               ^^^^^^^^^^^^^^^^^^^^^^^^^^^^^^^^^
  File "/usr/local/lib/python3.11/site-packages/drf_spectacular/views.py", line 84, in get
    return self._get_schema_response(request)
           ^^^^^^^^^^^^^^^^^^^^^^^^^^^^^^^^^^
  File "/usr/local/lib/python3.11/site-packages/drf_spectacular/views.py", line 92, in _get_schema_response
    data=generator.get_schema(request=request, public=self.serve_public),
         ^^^^^^^^^^^^^^^^^^^^^^^^^^^^^^^^^^^^^^^^^^^^^^^^^^^^^^^^^^^^^^^
  File "/usr/local/lib/python3.11/site-packages/drf_spectacular/generators.py", line 287, in get_schema
    paths=self.parse(request, public),
          ^^^^^^^^^^^^^^^^^^^^^^^^^^^
  File "/usr/local/lib/python3.11/site-packages/drf_spectacular/generators.py", line 258, in parse
    operation = view.schema.get_operation(
                ^^^^^^^^^^^^^^^^^^^^^^^^^^
  File "/usr/local/lib/python3.11/site-packages/drf_spectacular/openapi.py", line 113, in get_operation
    operation['responses'] = self._get_response_bodies()
                             ^^^^^^^^^^^^^^^^^^^^^^^^^^^
  File "/usr/local/lib/python3.11/site-packages/drf_spectacular/openapi.py", line 1407, in _get_response_bodies
    return {'200': self._get_response_for_code(response_serializers, '200', direction=direction)}
                   ^^^^^^^^^^^^^^^^^^^^^^^^^^^^^^^^^^^^^^^^^^^^^^^^^^^^^^^^^^^^^^^^^^^^^^^^^^^^^
  File "/usr/local/lib/python3.11/site-packages/drf_spectacular/openapi.py", line 1463, in _get_response_for_code
    component = self.resolve_serializer(serializer, direction)
                ^^^^^^^^^^^^^^^^^^^^^^^^^^^^^^^^^^^^^^^^^^^^^^
  File "/usr/local/lib/python3.11/site-packages/drf_spectacular/openapi.py", line 1658, in resolve_serializer
    component.schema = self._map_serializer(serializer, direction, bypass_extensions)
                       ^^^^^^^^^^^^^^^^^^^^^^^^^^^^^^^^^^^^^^^^^^^^^^^^^^^^^^^^^^^^^^
  File "/usr/local/lib/python3.11/site-packages/drf_spectacular/openapi.py", line 959, in _map_serializer
    schema = self._map_basic_serializer(serializer, direction)
             ^^^^^^^^^^^^^^^^^^^^^^^^^^^^^^^^^^^^^^^^^^^^^^^^^
  File "/usr/local/lib/python3.11/site-packages/drf_spectacular/openapi.py", line 1052, in _map_basic_serializer
    for field in serializer.fields.values():
                 ^^^^^^^^^^^^^^^^^
  File "/usr/local/lib/python3.11/site-packages/django/utils/functional.py", line 57, in __get__
    res = instance.__dict__[self.name] = self.func(instance)
                                         ^^^^^^^^^^^^^^^^^^^
  File "/usr/local/lib/python3.11/site-packages/rest_framework/serializers.py", line 387, in fields
    fields[key] = value
    ~~~~~~^^^^^
  File "/usr/local/lib/python3.11/site-packages/rest_framework/utils/serializer_helpers.py", line 165, in __setitem__
    field.bind(field_name=key, parent=self.serializer)
  File "/usr/local/lib/python3.11/site-packages/rest_framework/fields.py", line 358, in bind
    assert self.source != field_name, (
           ^^^^^^^^^^^^^^^^^^^^^^^^^
AssertionError: It is redundant to specify `source='teacher_id'` on field 'IntegerField' in serializer 'CourseListSerializer', because it is the same as the field name. Remove the `source` keyword argument.
"GET /api/schema/ HTTP/1.1" 500 173037
/app/courses/serializers.py changed, reloading.
Watching for file changes with StatReloader
Watching for file changes with StatReloader
"GET /api/swagger/ HTTP/1.1" 200 4653
Internal Server Error: /api/schema/
Traceback (most recent call last):
  File "/usr/local/lib/python3.11/site-packages/django/core/handlers/exception.py", line 55, in inner
    response = get_response(request)
               ^^^^^^^^^^^^^^^^^^^^^
  File "/usr/local/lib/python3.11/site-packages/django/core/handlers/base.py", line 197, in _get_response
    response = wrapped_callback(request, *callback_args, **callback_kwargs)
               ^^^^^^^^^^^^^^^^^^^^^^^^^^^^^^^^^^^^^^^^^^^^^^^^^^^^^^^^^^^^
  File "/usr/local/lib/python3.11/site-packages/django/views/decorators/csrf.py", line 56, in wrapper_view
    return view_func(*args, **kwargs)
           ^^^^^^^^^^^^^^^^^^^^^^^^^^
  File "/usr/local/lib/python3.11/site-packages/django/views/generic/base.py", line 105, in view
    return self.dispatch(request, *args, **kwargs)
           ^^^^^^^^^^^^^^^^^^^^^^^^^^^^^^^^^^^^^^^
  File "/usr/local/lib/python3.11/site-packages/rest_framework/views.py", line 515, in dispatch
    response = self.handle_exception(exc)
               ^^^^^^^^^^^^^^^^^^^^^^^^^^
  File "/usr/local/lib/python3.11/site-packages/rest_framework/views.py", line 475, in handle_exception
    self.raise_uncaught_exception(exc)
  File "/usr/local/lib/python3.11/site-packages/rest_framework/views.py", line 486, in raise_uncaught_exception
    raise exc
  File "/usr/local/lib/python3.11/site-packages/rest_framework/views.py", line 512, in dispatch
    response = handler(request, *args, **kwargs)
               ^^^^^^^^^^^^^^^^^^^^^^^^^^^^^^^^^
  File "/usr/local/lib/python3.11/site-packages/drf_spectacular/views.py", line 84, in get
    return self._get_schema_response(request)
           ^^^^^^^^^^^^^^^^^^^^^^^^^^^^^^^^^^
  File "/usr/local/lib/python3.11/site-packages/drf_spectacular/views.py", line 92, in _get_schema_response
    data=generator.get_schema(request=request, public=self.serve_public),
         ^^^^^^^^^^^^^^^^^^^^^^^^^^^^^^^^^^^^^^^^^^^^^^^^^^^^^^^^^^^^^^^
  File "/usr/local/lib/python3.11/site-packages/drf_spectacular/generators.py", line 287, in get_schema
    paths=self.parse(request, public),
          ^^^^^^^^^^^^^^^^^^^^^^^^^^^
  File "/usr/local/lib/python3.11/site-packages/drf_spectacular/generators.py", line 258, in parse
    operation = view.schema.get_operation(
                ^^^^^^^^^^^^^^^^^^^^^^^^^^
  File "/usr/local/lib/python3.11/site-packages/drf_spectacular/openapi.py", line 113, in get_operation
    operation['responses'] = self._get_response_bodies()
                             ^^^^^^^^^^^^^^^^^^^^^^^^^^^
  File "/usr/local/lib/python3.11/site-packages/drf_spectacular/openapi.py", line 1407, in _get_response_bodies
    return {'200': self._get_response_for_code(response_serializers, '200', direction=direction)}
                   ^^^^^^^^^^^^^^^^^^^^^^^^^^^^^^^^^^^^^^^^^^^^^^^^^^^^^^^^^^^^^^^^^^^^^^^^^^^^^
  File "/usr/local/lib/python3.11/site-packages/drf_spectacular/openapi.py", line 1463, in _get_response_for_code
    component = self.resolve_serializer(serializer, direction)
                ^^^^^^^^^^^^^^^^^^^^^^^^^^^^^^^^^^^^^^^^^^^^^^
  File "/usr/local/lib/python3.11/site-packages/drf_spectacular/openapi.py", line 1658, in resolve_serializer
    component.schema = self._map_serializer(serializer, direction, bypass_extensions)
                       ^^^^^^^^^^^^^^^^^^^^^^^^^^^^^^^^^^^^^^^^^^^^^^^^^^^^^^^^^^^^^^
  File "/usr/local/lib/python3.11/site-packages/drf_spectacular/openapi.py", line 959, in _map_serializer
    schema = self._map_basic_serializer(serializer, direction)
             ^^^^^^^^^^^^^^^^^^^^^^^^^^^^^^^^^^^^^^^^^^^^^^^^^
  File "/usr/local/lib/python3.11/site-packages/drf_spectacular/openapi.py", line 1052, in _map_basic_serializer
    for field in serializer.fields.values():
                 ^^^^^^^^^^^^^^^^^
  File "/usr/local/lib/python3.11/site-packages/django/utils/functional.py", line 57, in __get__
    res = instance.__dict__[self.name] = self.func(instance)
                                         ^^^^^^^^^^^^^^^^^^^
  File "/usr/local/lib/python3.11/site-packages/rest_framework/serializers.py", line 387, in fields
    fields[key] = value
    ~~~~~~^^^^^
  File "/usr/local/lib/python3.11/site-packages/rest_framework/utils/serializer_helpers.py", line 165, in __setitem__
    field.bind(field_name=key, parent=self.serializer)
  File "/usr/local/lib/python3.11/site-packages/rest_framework/fields.py", line 358, in bind
    assert self.source != field_name, (
           ^^^^^^^^^^^^^^^^^^^^^^^^^
AssertionError: It is redundant to specify `source='author_id'` on field 'IntegerField' in serializer 'MessageSerializer', because it is the same as the field name. Remove the `source` keyword argument.
"GET /api/schema/ HTTP/1.1" 500 173707
Internal Server Error: /api/schema/
Traceback (most recent call last):
  File "/usr/local/lib/python3.11/site-packages/django/core/handlers/exception.py", line 55, in inner
    response = get_response(request)
               ^^^^^^^^^^^^^^^^^^^^^
  File "/usr/local/lib/python3.11/site-packages/django/core/handlers/base.py", line 197, in _get_response
    response = wrapped_callback(request, *callback_args, **callback_kwargs)
               ^^^^^^^^^^^^^^^^^^^^^^^^^^^^^^^^^^^^^^^^^^^^^^^^^^^^^^^^^^^^
  File "/usr/local/lib/python3.11/site-packages/django/views/decorators/csrf.py", line 56, in wrapper_view
    return view_func(*args, **kwargs)
           ^^^^^^^^^^^^^^^^^^^^^^^^^^
  File "/usr/local/lib/python3.11/site-packages/django/views/generic/base.py", line 105, in view
    return self.dispatch(request, *args, **kwargs)
           ^^^^^^^^^^^^^^^^^^^^^^^^^^^^^^^^^^^^^^^
  File "/usr/local/lib/python3.11/site-packages/rest_framework/views.py", line 515, in dispatch
    response = self.handle_exception(exc)
               ^^^^^^^^^^^^^^^^^^^^^^^^^^
  File "/usr/local/lib/python3.11/site-packages/rest_framework/views.py", line 475, in handle_exception
    self.raise_uncaught_exception(exc)
  File "/usr/local/lib/python3.11/site-packages/rest_framework/views.py", line 486, in raise_uncaught_exception
    raise exc
  File "/usr/local/lib/python3.11/site-packages/rest_framework/views.py", line 512, in dispatch
    response = handler(request, *args, **kwargs)
               ^^^^^^^^^^^^^^^^^^^^^^^^^^^^^^^^^
  File "/usr/local/lib/python3.11/site-packages/drf_spectacular/views.py", line 84, in get
    return self._get_schema_response(request)
           ^^^^^^^^^^^^^^^^^^^^^^^^^^^^^^^^^^
  File "/usr/local/lib/python3.11/site-packages/drf_spectacular/views.py", line 92, in _get_schema_response
    data=generator.get_schema(request=request, public=self.serve_public),
         ^^^^^^^^^^^^^^^^^^^^^^^^^^^^^^^^^^^^^^^^^^^^^^^^^^^^^^^^^^^^^^^
  File "/usr/local/lib/python3.11/site-packages/drf_spectacular/generators.py", line 287, in get_schema
    paths=self.parse(request, public),
          ^^^^^^^^^^^^^^^^^^^^^^^^^^^
  File "/usr/local/lib/python3.11/site-packages/drf_spectacular/generators.py", line 258, in parse
    operation = view.schema.get_operation(
                ^^^^^^^^^^^^^^^^^^^^^^^^^^
  File "/usr/local/lib/python3.11/site-packages/drf_spectacular/openapi.py", line 113, in get_operation
    operation['responses'] = self._get_response_bodies()
                             ^^^^^^^^^^^^^^^^^^^^^^^^^^^
  File "/usr/local/lib/python3.11/site-packages/drf_spectacular/openapi.py", line 1407, in _get_response_bodies
    return {'200': self._get_response_for_code(response_serializers, '200', direction=direction)}
                   ^^^^^^^^^^^^^^^^^^^^^^^^^^^^^^^^^^^^^^^^^^^^^^^^^^^^^^^^^^^^^^^^^^^^^^^^^^^^^
  File "/usr/local/lib/python3.11/site-packages/drf_spectacular/openapi.py", line 1463, in _get_response_for_code
    component = self.resolve_serializer(serializer, direction)
                ^^^^^^^^^^^^^^^^^^^^^^^^^^^^^^^^^^^^^^^^^^^^^^
  File "/usr/local/lib/python3.11/site-packages/drf_spectacular/openapi.py", line 1658, in resolve_serializer
    component.schema = self._map_serializer(serializer, direction, bypass_extensions)
                       ^^^^^^^^^^^^^^^^^^^^^^^^^^^^^^^^^^^^^^^^^^^^^^^^^^^^^^^^^^^^^^
  File "/usr/local/lib/python3.11/site-packages/drf_spectacular/openapi.py", line 959, in _map_serializer
    schema = self._map_basic_serializer(serializer, direction)
             ^^^^^^^^^^^^^^^^^^^^^^^^^^^^^^^^^^^^^^^^^^^^^^^^^
  File "/usr/local/lib/python3.11/site-packages/drf_spectacular/openapi.py", line 1052, in _map_basic_serializer
    for field in serializer.fields.values():
                 ^^^^^^^^^^^^^^^^^
  File "/usr/local/lib/python3.11/site-packages/django/utils/functional.py", line 57, in __get__
    res = instance.__dict__[self.name] = self.func(instance)
                                         ^^^^^^^^^^^^^^^^^^^
  File "/usr/local/lib/python3.11/site-packages/rest_framework/serializers.py", line 387, in fields
    fields[key] = value
    ~~~~~~^^^^^
  File "/usr/local/lib/python3.11/site-packages/rest_framework/utils/serializer_helpers.py", line 165, in __setitem__
    field.bind(field_name=key, parent=self.serializer)
  File "/usr/local/lib/python3.11/site-packages/rest_framework/fields.py", line 358, in bind
    assert self.source != field_name, (
           ^^^^^^^^^^^^^^^^^^^^^^^^^
AssertionError: It is redundant to specify `source='author_id'` on field 'IntegerField' in serializer 'MessageSerializer', because it is the same as the field name. Remove the `source` keyword argument.
"GET /api/schema/ HTTP/1.1" 500 173707
"GET /api/swagger/ HTTP/1.1" 200 4653
Internal Server Error: /api/schema/
Traceback (most recent call last):
  File "/usr/local/lib/python3.11/site-packages/django/core/handlers/exception.py", line 55, in inner
    response = get_response(request)
               ^^^^^^^^^^^^^^^^^^^^^
  File "/usr/local/lib/python3.11/site-packages/django/core/handlers/base.py", line 197, in _get_response
    response = wrapped_callback(request, *callback_args, **callback_kwargs)
               ^^^^^^^^^^^^^^^^^^^^^^^^^^^^^^^^^^^^^^^^^^^^^^^^^^^^^^^^^^^^
  File "/usr/local/lib/python3.11/site-packages/django/views/decorators/csrf.py", line 56, in wrapper_view
    return view_func(*args, **kwargs)
           ^^^^^^^^^^^^^^^^^^^^^^^^^^
  File "/usr/local/lib/python3.11/site-packages/django/views/generic/base.py", line 105, in view
    return self.dispatch(request, *args, **kwargs)
           ^^^^^^^^^^^^^^^^^^^^^^^^^^^^^^^^^^^^^^^
  File "/usr/local/lib/python3.11/site-packages/rest_framework/views.py", line 515, in dispatch
    response = self.handle_exception(exc)
               ^^^^^^^^^^^^^^^^^^^^^^^^^^
  File "/usr/local/lib/python3.11/site-packages/rest_framework/views.py", line 475, in handle_exception
    self.raise_uncaught_exception(exc)
  File "/usr/local/lib/python3.11/site-packages/rest_framework/views.py", line 486, in raise_uncaught_exception
    raise exc
  File "/usr/local/lib/python3.11/site-packages/rest_framework/views.py", line 512, in dispatch
    response = handler(request, *args, **kwargs)
               ^^^^^^^^^^^^^^^^^^^^^^^^^^^^^^^^^
  File "/usr/local/lib/python3.11/site-packages/drf_spectacular/views.py", line 84, in get
    return self._get_schema_response(request)
           ^^^^^^^^^^^^^^^^^^^^^^^^^^^^^^^^^^
  File "/usr/local/lib/python3.11/site-packages/drf_spectacular/views.py", line 92, in _get_schema_response
    data=generator.get_schema(request=request, public=self.serve_public),
         ^^^^^^^^^^^^^^^^^^^^^^^^^^^^^^^^^^^^^^^^^^^^^^^^^^^^^^^^^^^^^^^
  File "/usr/local/lib/python3.11/site-packages/drf_spectacular/generators.py", line 287, in get_schema
    paths=self.parse(request, public),
          ^^^^^^^^^^^^^^^^^^^^^^^^^^^
  File "/usr/local/lib/python3.11/site-packages/drf_spectacular/generators.py", line 258, in parse
    operation = view.schema.get_operation(
                ^^^^^^^^^^^^^^^^^^^^^^^^^^
  File "/usr/local/lib/python3.11/site-packages/drf_spectacular/openapi.py", line 113, in get_operation
    operation['responses'] = self._get_response_bodies()
                             ^^^^^^^^^^^^^^^^^^^^^^^^^^^
  File "/usr/local/lib/python3.11/site-packages/drf_spectacular/openapi.py", line 1407, in _get_response_bodies
    return {'200': self._get_response_for_code(response_serializers, '200', direction=direction)}
                   ^^^^^^^^^^^^^^^^^^^^^^^^^^^^^^^^^^^^^^^^^^^^^^^^^^^^^^^^^^^^^^^^^^^^^^^^^^^^^
  File "/usr/local/lib/python3.11/site-packages/drf_spectacular/openapi.py", line 1463, in _get_response_for_code
    component = self.resolve_serializer(serializer, direction)
                ^^^^^^^^^^^^^^^^^^^^^^^^^^^^^^^^^^^^^^^^^^^^^^
  File "/usr/local/lib/python3.11/site-packages/drf_spectacular/openapi.py", line 1658, in resolve_serializer
    component.schema = self._map_serializer(serializer, direction, bypass_extensions)
                       ^^^^^^^^^^^^^^^^^^^^^^^^^^^^^^^^^^^^^^^^^^^^^^^^^^^^^^^^^^^^^^
  File "/usr/local/lib/python3.11/site-packages/drf_spectacular/openapi.py", line 959, in _map_serializer
    schema = self._map_basic_serializer(serializer, direction)
             ^^^^^^^^^^^^^^^^^^^^^^^^^^^^^^^^^^^^^^^^^^^^^^^^^
  File "/usr/local/lib/python3.11/site-packages/drf_spectacular/openapi.py", line 1052, in _map_basic_serializer
    for field in serializer.fields.values():
                 ^^^^^^^^^^^^^^^^^
  File "/usr/local/lib/python3.11/site-packages/django/utils/functional.py", line 57, in __get__
    res = instance.__dict__[self.name] = self.func(instance)
                                         ^^^^^^^^^^^^^^^^^^^
  File "/usr/local/lib/python3.11/site-packages/rest_framework/serializers.py", line 387, in fields
    fields[key] = value
    ~~~~~~^^^^^
  File "/usr/local/lib/python3.11/site-packages/rest_framework/utils/serializer_helpers.py", line 165, in __setitem__
    field.bind(field_name=key, parent=self.serializer)
  File "/usr/local/lib/python3.11/site-packages/rest_framework/fields.py", line 358, in bind
    assert self.source != field_name, (
           ^^^^^^^^^^^^^^^^^^^^^^^^^
AssertionError: It is redundant to specify `source='author_id'` on field 'IntegerField' in serializer 'MessageSerializer', because it is the same as the field name. Remove the `source` keyword argument.
"GET /api/schema/ HTTP/1.1" 500 173707
Internal Server Error: /api/schema/
Traceback (most recent call last):
  File "/usr/local/lib/python3.11/site-packages/django/core/handlers/exception.py", line 55, in inner
    response = get_response(request)
               ^^^^^^^^^^^^^^^^^^^^^
  File "/usr/local/lib/python3.11/site-packages/django/core/handlers/base.py", line 197, in _get_response
    response = wrapped_callback(request, *callback_args, **callback_kwargs)
               ^^^^^^^^^^^^^^^^^^^^^^^^^^^^^^^^^^^^^^^^^^^^^^^^^^^^^^^^^^^^
  File "/usr/local/lib/python3.11/site-packages/django/views/decorators/csrf.py", line 56, in wrapper_view
    return view_func(*args, **kwargs)
           ^^^^^^^^^^^^^^^^^^^^^^^^^^
  File "/usr/local/lib/python3.11/site-packages/django/views/generic/base.py", line 105, in view
    return self.dispatch(request, *args, **kwargs)
           ^^^^^^^^^^^^^^^^^^^^^^^^^^^^^^^^^^^^^^^
  File "/usr/local/lib/python3.11/site-packages/rest_framework/views.py", line 515, in dispatch
    response = self.handle_exception(exc)
               ^^^^^^^^^^^^^^^^^^^^^^^^^^
  File "/usr/local/lib/python3.11/site-packages/rest_framework/views.py", line 475, in handle_exception
    self.raise_uncaught_exception(exc)
  File "/usr/local/lib/python3.11/site-packages/rest_framework/views.py", line 486, in raise_uncaught_exception
    raise exc
  File "/usr/local/lib/python3.11/site-packages/rest_framework/views.py", line 512, in dispatch
    response = handler(request, *args, **kwargs)
               ^^^^^^^^^^^^^^^^^^^^^^^^^^^^^^^^^
  File "/usr/local/lib/python3.11/site-packages/drf_spectacular/views.py", line 84, in get
    return self._get_schema_response(request)
           ^^^^^^^^^^^^^^^^^^^^^^^^^^^^^^^^^^
  File "/usr/local/lib/python3.11/site-packages/drf_spectacular/views.py", line 92, in _get_schema_response
    data=generator.get_schema(request=request, public=self.serve_public),
         ^^^^^^^^^^^^^^^^^^^^^^^^^^^^^^^^^^^^^^^^^^^^^^^^^^^^^^^^^^^^^^^
  File "/usr/local/lib/python3.11/site-packages/drf_spectacular/generators.py", line 287, in get_schema
    paths=self.parse(request, public),
          ^^^^^^^^^^^^^^^^^^^^^^^^^^^
  File "/usr/local/lib/python3.11/site-packages/drf_spectacular/generators.py", line 258, in parse
    operation = view.schema.get_operation(
                ^^^^^^^^^^^^^^^^^^^^^^^^^^
  File "/usr/local/lib/python3.11/site-packages/drf_spectacular/openapi.py", line 113, in get_operation
    operation['responses'] = self._get_response_bodies()
                             ^^^^^^^^^^^^^^^^^^^^^^^^^^^
  File "/usr/local/lib/python3.11/site-packages/drf_spectacular/openapi.py", line 1407, in _get_response_bodies
    return {'200': self._get_response_for_code(response_serializers, '200', direction=direction)}
                   ^^^^^^^^^^^^^^^^^^^^^^^^^^^^^^^^^^^^^^^^^^^^^^^^^^^^^^^^^^^^^^^^^^^^^^^^^^^^^
  File "/usr/local/lib/python3.11/site-packages/drf_spectacular/openapi.py", line 1463, in _get_response_for_code
    component = self.resolve_serializer(serializer, direction)
                ^^^^^^^^^^^^^^^^^^^^^^^^^^^^^^^^^^^^^^^^^^^^^^
  File "/usr/local/lib/python3.11/site-packages/drf_spectacular/openapi.py", line 1658, in resolve_serializer
    component.schema = self._map_serializer(serializer, direction, bypass_extensions)
                       ^^^^^^^^^^^^^^^^^^^^^^^^^^^^^^^^^^^^^^^^^^^^^^^^^^^^^^^^^^^^^^
  File "/usr/local/lib/python3.11/site-packages/drf_spectacular/openapi.py", line 959, in _map_serializer
    schema = self._map_basic_serializer(serializer, direction)
             ^^^^^^^^^^^^^^^^^^^^^^^^^^^^^^^^^^^^^^^^^^^^^^^^^
  File "/usr/local/lib/python3.11/site-packages/drf_spectacular/openapi.py", line 1052, in _map_basic_serializer
    for field in serializer.fields.values():
                 ^^^^^^^^^^^^^^^^^
  File "/usr/local/lib/python3.11/site-packages/django/utils/functional.py", line 57, in __get__
    res = instance.__dict__[self.name] = self.func(instance)
                                         ^^^^^^^^^^^^^^^^^^^
  File "/usr/local/lib/python3.11/site-packages/rest_framework/serializers.py", line 387, in fields
    fields[key] = value
    ~~~~~~^^^^^
  File "/usr/local/lib/python3.11/site-packages/rest_framework/utils/serializer_helpers.py", line 165, in __setitem__
    field.bind(field_name=key, parent=self.serializer)
  File "/usr/local/lib/python3.11/site-packages/rest_framework/fields.py", line 358, in bind
    assert self.source != field_name, (
           ^^^^^^^^^^^^^^^^^^^^^^^^^
AssertionError: It is redundant to specify `source='author_id'` on field 'IntegerField' in serializer 'MessageSerializer', because it is the same as the field name. Remove the `source` keyword argument.
"GET /api/schema/ HTTP/1.1" 500 173707
Internal Server Error: /api/schema/
Traceback (most recent call last):
  File "/usr/local/lib/python3.11/site-packages/django/core/handlers/exception.py", line 55, in inner
    response = get_response(request)
               ^^^^^^^^^^^^^^^^^^^^^
  File "/usr/local/lib/python3.11/site-packages/django/core/handlers/base.py", line 197, in _get_response
    response = wrapped_callback(request, *callback_args, **callback_kwargs)
               ^^^^^^^^^^^^^^^^^^^^^^^^^^^^^^^^^^^^^^^^^^^^^^^^^^^^^^^^^^^^
  File "/usr/local/lib/python3.11/site-packages/django/views/decorators/csrf.py", line 56, in wrapper_view
    return view_func(*args, **kwargs)
           ^^^^^^^^^^^^^^^^^^^^^^^^^^
  File "/usr/local/lib/python3.11/site-packages/django/views/generic/base.py", line 105, in view
    return self.dispatch(request, *args, **kwargs)
           ^^^^^^^^^^^^^^^^^^^^^^^^^^^^^^^^^^^^^^^
  File "/usr/local/lib/python3.11/site-packages/rest_framework/views.py", line 515, in dispatch
    response = self.handle_exception(exc)
               ^^^^^^^^^^^^^^^^^^^^^^^^^^
  File "/usr/local/lib/python3.11/site-packages/rest_framework/views.py", line 475, in handle_exception
    self.raise_uncaught_exception(exc)
  File "/usr/local/lib/python3.11/site-packages/rest_framework/views.py", line 486, in raise_uncaught_exception
    raise exc
  File "/usr/local/lib/python3.11/site-packages/rest_framework/views.py", line 512, in dispatch
    response = handler(request, *args, **kwargs)
               ^^^^^^^^^^^^^^^^^^^^^^^^^^^^^^^^^
  File "/usr/local/lib/python3.11/site-packages/drf_spectacular/views.py", line 84, in get
    return self._get_schema_response(request)
           ^^^^^^^^^^^^^^^^^^^^^^^^^^^^^^^^^^
  File "/usr/local/lib/python3.11/site-packages/drf_spectacular/views.py", line 92, in _get_schema_response
    data=generator.get_schema(request=request, public=self.serve_public),
         ^^^^^^^^^^^^^^^^^^^^^^^^^^^^^^^^^^^^^^^^^^^^^^^^^^^^^^^^^^^^^^^
  File "/usr/local/lib/python3.11/site-packages/drf_spectacular/generators.py", line 287, in get_schema
    paths=self.parse(request, public),
          ^^^^^^^^^^^^^^^^^^^^^^^^^^^
  File "/usr/local/lib/python3.11/site-packages/drf_spectacular/generators.py", line 258, in parse
    operation = view.schema.get_operation(
                ^^^^^^^^^^^^^^^^^^^^^^^^^^
  File "/usr/local/lib/python3.11/site-packages/drf_spectacular/openapi.py", line 113, in get_operation
    operation['responses'] = self._get_response_bodies()
                             ^^^^^^^^^^^^^^^^^^^^^^^^^^^
  File "/usr/local/lib/python3.11/site-packages/drf_spectacular/openapi.py", line 1407, in _get_response_bodies
    return {'200': self._get_response_for_code(response_serializers, '200', direction=direction)}
                   ^^^^^^^^^^^^^^^^^^^^^^^^^^^^^^^^^^^^^^^^^^^^^^^^^^^^^^^^^^^^^^^^^^^^^^^^^^^^^
  File "/usr/local/lib/python3.11/site-packages/drf_spectacular/openapi.py", line 1463, in _get_response_for_code
    component = self.resolve_serializer(serializer, direction)
                ^^^^^^^^^^^^^^^^^^^^^^^^^^^^^^^^^^^^^^^^^^^^^^
  File "/usr/local/lib/python3.11/site-packages/drf_spectacular/openapi.py", line 1658, in resolve_serializer
    component.schema = self._map_serializer(serializer, direction, bypass_extensions)
                       ^^^^^^^^^^^^^^^^^^^^^^^^^^^^^^^^^^^^^^^^^^^^^^^^^^^^^^^^^^^^^^
  File "/usr/local/lib/python3.11/site-packages/drf_spectacular/openapi.py", line 959, in _map_serializer
    schema = self._map_basic_serializer(serializer, direction)
             ^^^^^^^^^^^^^^^^^^^^^^^^^^^^^^^^^^^^^^^^^^^^^^^^^
  File "/usr/local/lib/python3.11/site-packages/drf_spectacular/openapi.py", line 1052, in _map_basic_serializer
    for field in serializer.fields.values():
                 ^^^^^^^^^^^^^^^^^
  File "/usr/local/lib/python3.11/site-packages/django/utils/functional.py", line 57, in __get__
    res = instance.__dict__[self.name] = self.func(instance)
                                         ^^^^^^^^^^^^^^^^^^^
  File "/usr/local/lib/python3.11/site-packages/rest_framework/serializers.py", line 387, in fields
    fields[key] = value
    ~~~~~~^^^^^
  File "/usr/local/lib/python3.11/site-packages/rest_framework/utils/serializer_helpers.py", line 165, in __setitem__
    field.bind(field_name=key, parent=self.serializer)
  File "/usr/local/lib/python3.11/site-packages/rest_framework/fields.py", line 358, in bind
    assert self.source != field_name, (
           ^^^^^^^^^^^^^^^^^^^^^^^^^
AssertionError: It is redundant to specify `source='author_id'` on field 'IntegerField' in serializer 'MessageSerializer', because it is the same as the field name. Remove the `source` keyword argument.
"GET /api/schema/ HTTP/1.1" 500 171848
/app/messenger/serializers.py changed, reloading.
Watching for file changes with StatReloader
/app/messenger/serializers.py changed, reloading.
Watching for file changes with StatReloader
"GET /api/swagger/ HTTP/1.1" 200 4653
"GET /api/schema/ HTTP/1.1" 200 62697
"GET /api/swagger/ HTTP/1.1" 200 4653
"GET /api/schema/ HTTP/1.1" 200 136309
/app/users/models.py changed, reloading.
Watching for file changes with StatReloader
"GET /api/schema/ HTTP/1.1" 200 66665
"GET /api/swagger/ HTTP/1.1" 200 4653
"GET /api/schema/ HTTP/1.1" 200 144746
Internal Server Error: /api/subjects/
Traceback (most recent call last):
  File "/usr/local/lib/python3.11/site-packages/django/db/backends/utils.py", line 89, in _execute
    return self.cursor.execute(sql, params)
           ^^^^^^^^^^^^^^^^^^^^^^^^^^^^^^^^
psycopg2.errors.UndefinedColumn: column users_user.username does not exist
LINE 1: ...ser", "users_user"."email", "users_user"."phone", "users_use...
                                                             ^


The above exception was the direct cause of the following exception:

Traceback (most recent call last):
  File "/usr/local/lib/python3.11/site-packages/django/core/handlers/exception.py", line 55, in inner
    response = get_response(request)
               ^^^^^^^^^^^^^^^^^^^^^
  File "/usr/local/lib/python3.11/site-packages/django/core/handlers/base.py", line 197, in _get_response
    response = wrapped_callback(request, *callback_args, **callback_kwargs)
               ^^^^^^^^^^^^^^^^^^^^^^^^^^^^^^^^^^^^^^^^^^^^^^^^^^^^^^^^^^^^
  File "/usr/local/lib/python3.11/site-packages/django/views/decorators/csrf.py", line 56, in wrapper_view
    return view_func(*args, **kwargs)
           ^^^^^^^^^^^^^^^^^^^^^^^^^^
  File "/usr/local/lib/python3.11/site-packages/django/views/generic/base.py", line 105, in view
    return self.dispatch(request, *args, **kwargs)
           ^^^^^^^^^^^^^^^^^^^^^^^^^^^^^^^^^^^^^^^
  File "/usr/local/lib/python3.11/site-packages/rest_framework/views.py", line 515, in dispatch
    response = self.handle_exception(exc)
               ^^^^^^^^^^^^^^^^^^^^^^^^^^
  File "/usr/local/lib/python3.11/site-packages/rest_framework/views.py", line 475, in handle_exception
    self.raise_uncaught_exception(exc)
  File "/usr/local/lib/python3.11/site-packages/rest_framework/views.py", line 486, in raise_uncaught_exception
    raise exc
  File "/usr/local/lib/python3.11/site-packages/rest_framework/views.py", line 503, in dispatch
    self.initial(request, *args, **kwargs)
  File "/usr/local/lib/python3.11/site-packages/rest_framework/views.py", line 420, in initial
    self.perform_authentication(request)
  File "/usr/local/lib/python3.11/site-packages/rest_framework/views.py", line 330, in perform_authentication
    request.user
  File "/usr/local/lib/python3.11/site-packages/rest_framework/request.py", line 232, in user
    self._authenticate()
  File "/usr/local/lib/python3.11/site-packages/rest_framework/request.py", line 385, in _authenticate
    user_auth_tuple = authenticator.authenticate(self)
                      ^^^^^^^^^^^^^^^^^^^^^^^^^^^^^^^^
  File "/usr/local/lib/python3.11/site-packages/rest_framework_simplejwt/authentication.py", line 51, in authenticate
    return self.get_user(validated_token), validated_token
           ^^^^^^^^^^^^^^^^^^^^^^^^^^^^^^
  File "/usr/local/lib/python3.11/site-packages/rest_framework_simplejwt/authentication.py", line 132, in get_user
    user = self.user_model.objects.get(**{api_settings.USER_ID_FIELD: user_id})
           ^^^^^^^^^^^^^^^^^^^^^^^^^^^^^^^^^^^^^^^^^^^^^^^^^^^^^^^^^^^^^^^^^^^^
  File "/usr/local/lib/python3.11/site-packages/django/db/models/manager.py", line 87, in manager_method
    return getattr(self.get_queryset(), name)(*args, **kwargs)
           ^^^^^^^^^^^^^^^^^^^^^^^^^^^^^^^^^^^^^^^^^^^^^^^^^^^
  File "/usr/local/lib/python3.11/site-packages/django/db/models/query.py", line 635, in get
    num = len(clone)
          ^^^^^^^^^^
  File "/usr/local/lib/python3.11/site-packages/django/db/models/query.py", line 382, in __len__
    self._fetch_all()
  File "/usr/local/lib/python3.11/site-packages/django/db/models/query.py", line 1886, in _fetch_all
    self._result_cache = list(self._iterable_class(self))
                         ^^^^^^^^^^^^^^^^^^^^^^^^^^^^^^^^
  File "/usr/local/lib/python3.11/site-packages/django/db/models/query.py", line 93, in __iter__
    results = compiler.execute_sql(
              ^^^^^^^^^^^^^^^^^^^^^
  File "/usr/local/lib/python3.11/site-packages/django/db/models/sql/compiler.py", line 1562, in execute_sql
    cursor.execute(sql, params)
  File "/usr/local/lib/python3.11/site-packages/django/db/backends/utils.py", line 102, in execute
    return super().execute(sql, params)
           ^^^^^^^^^^^^^^^^^^^^^^^^^^^^
  File "/usr/local/lib/python3.11/site-packages/django/db/backends/utils.py", line 67, in execute
    return self._execute_with_wrappers(
           ^^^^^^^^^^^^^^^^^^^^^^^^^^^^
  File "/usr/local/lib/python3.11/site-packages/django/db/backends/utils.py", line 80, in _execute_with_wrappers
    return executor(sql, params, many, context)
           ^^^^^^^^^^^^^^^^^^^^^^^^^^^^^^^^^^^^
  File "/usr/local/lib/python3.11/site-packages/django/db/backends/utils.py", line 84, in _execute
    with self.db.wrap_database_errors:
  File "/usr/local/lib/python3.11/site-packages/django/db/utils.py", line 91, in __exit__
    raise dj_exc_value.with_traceback(traceback) from exc_value
  File "/usr/local/lib/python3.11/site-packages/django/db/backends/utils.py", line 89, in _execute
    return self.cursor.execute(sql, params)
           ^^^^^^^^^^^^^^^^^^^^^^^^^^^^^^^^
django.db.utils.ProgrammingError: column users_user.username does not exist
LINE 1: ...ser", "users_user"."email", "users_user"."phone", "users_use...
                                                             ^

"GET /api/subjects/ HTTP/1.1" 500 21113
Internal Server Error: /api/subjects/
Traceback (most recent call last):
  File "/usr/local/lib/python3.11/site-packages/django/db/backends/utils.py", line 89, in _execute
    return self.cursor.execute(sql, params)
           ^^^^^^^^^^^^^^^^^^^^^^^^^^^^^^^^
psycopg2.errors.UndefinedColumn: column users_user.username does not exist
LINE 1: ...ser", "users_user"."email", "users_user"."phone", "users_use...
                                                             ^


The above exception was the direct cause of the following exception:

Traceback (most recent call last):
  File "/usr/local/lib/python3.11/site-packages/django/core/handlers/exception.py", line 55, in inner
    response = get_response(request)
               ^^^^^^^^^^^^^^^^^^^^^
  File "/usr/local/lib/python3.11/site-packages/django/core/handlers/base.py", line 197, in _get_response
    response = wrapped_callback(request, *callback_args, **callback_kwargs)
               ^^^^^^^^^^^^^^^^^^^^^^^^^^^^^^^^^^^^^^^^^^^^^^^^^^^^^^^^^^^^
  File "/usr/local/lib/python3.11/site-packages/django/views/decorators/csrf.py", line 56, in wrapper_view
    return view_func(*args, **kwargs)
           ^^^^^^^^^^^^^^^^^^^^^^^^^^
  File "/usr/local/lib/python3.11/site-packages/django/views/generic/base.py", line 105, in view
    return self.dispatch(request, *args, **kwargs)
           ^^^^^^^^^^^^^^^^^^^^^^^^^^^^^^^^^^^^^^^
  File "/usr/local/lib/python3.11/site-packages/rest_framework/views.py", line 515, in dispatch
    response = self.handle_exception(exc)
               ^^^^^^^^^^^^^^^^^^^^^^^^^^
  File "/usr/local/lib/python3.11/site-packages/rest_framework/views.py", line 475, in handle_exception
    self.raise_uncaught_exception(exc)
  File "/usr/local/lib/python3.11/site-packages/rest_framework/views.py", line 486, in raise_uncaught_exception
    raise exc
  File "/usr/local/lib/python3.11/site-packages/rest_framework/views.py", line 503, in dispatch
    self.initial(request, *args, **kwargs)
  File "/usr/local/lib/python3.11/site-packages/rest_framework/views.py", line 420, in initial
    self.perform_authentication(request)
  File "/usr/local/lib/python3.11/site-packages/rest_framework/views.py", line 330, in perform_authentication
    request.user
  File "/usr/local/lib/python3.11/site-packages/rest_framework/request.py", line 232, in user
    self._authenticate()
  File "/usr/local/lib/python3.11/site-packages/rest_framework/request.py", line 385, in _authenticate
    user_auth_tuple = authenticator.authenticate(self)
                      ^^^^^^^^^^^^^^^^^^^^^^^^^^^^^^^^
  File "/usr/local/lib/python3.11/site-packages/rest_framework_simplejwt/authentication.py", line 51, in authenticate
    return self.get_user(validated_token), validated_token
           ^^^^^^^^^^^^^^^^^^^^^^^^^^^^^^
  File "/usr/local/lib/python3.11/site-packages/rest_framework_simplejwt/authentication.py", line 132, in get_user
    user = self.user_model.objects.get(**{api_settings.USER_ID_FIELD: user_id})
           ^^^^^^^^^^^^^^^^^^^^^^^^^^^^^^^^^^^^^^^^^^^^^^^^^^^^^^^^^^^^^^^^^^^^
  File "/usr/local/lib/python3.11/site-packages/django/db/models/manager.py", line 87, in manager_method
    return getattr(self.get_queryset(), name)(*args, **kwargs)
           ^^^^^^^^^^^^^^^^^^^^^^^^^^^^^^^^^^^^^^^^^^^^^^^^^^^
  File "/usr/local/lib/python3.11/site-packages/django/db/models/query.py", line 635, in get
    num = len(clone)
          ^^^^^^^^^^
  File "/usr/local/lib/python3.11/site-packages/django/db/models/query.py", line 382, in __len__
    self._fetch_all()
  File "/usr/local/lib/python3.11/site-packages/django/db/models/query.py", line 1886, in _fetch_all
    self._result_cache = list(self._iterable_class(self))
                         ^^^^^^^^^^^^^^^^^^^^^^^^^^^^^^^^
  File "/usr/local/lib/python3.11/site-packages/django/db/models/query.py", line 93, in __iter__
    results = compiler.execute_sql(
              ^^^^^^^^^^^^^^^^^^^^^
  File "/usr/local/lib/python3.11/site-packages/django/db/models/sql/compiler.py", line 1562, in execute_sql
    cursor.execute(sql, params)
  File "/usr/local/lib/python3.11/site-packages/django/db/backends/utils.py", line 102, in execute
    return super().execute(sql, params)
           ^^^^^^^^^^^^^^^^^^^^^^^^^^^^
  File "/usr/local/lib/python3.11/site-packages/django/db/backends/utils.py", line 67, in execute
    return self._execute_with_wrappers(
           ^^^^^^^^^^^^^^^^^^^^^^^^^^^^
  File "/usr/local/lib/python3.11/site-packages/django/db/backends/utils.py", line 80, in _execute_with_wrappers
    return executor(sql, params, many, context)
           ^^^^^^^^^^^^^^^^^^^^^^^^^^^^^^^^^^^^
  File "/usr/local/lib/python3.11/site-packages/django/db/backends/utils.py", line 84, in _execute
    with self.db.wrap_database_errors:
  File "/usr/local/lib/python3.11/site-packages/django/db/utils.py", line 91, in __exit__
    raise dj_exc_value.with_traceback(traceback) from exc_value
  File "/usr/local/lib/python3.11/site-packages/django/db/backends/utils.py", line 89, in _execute
    return self.cursor.execute(sql, params)
           ^^^^^^^^^^^^^^^^^^^^^^^^^^^^^^^^
django.db.utils.ProgrammingError: column users_user.username does not exist
LINE 1: ...ser", "users_user"."email", "users_user"."phone", "users_use...
                                                             ^

"GET /api/subjects/ HTTP/1.1" 500 21113
Internal Server Error: /api/subjects/
Traceback (most recent call last):
  File "/usr/local/lib/python3.11/site-packages/django/db/backends/utils.py", line 89, in _execute
    return self.cursor.execute(sql, params)
           ^^^^^^^^^^^^^^^^^^^^^^^^^^^^^^^^
psycopg2.errors.UndefinedColumn: column users_user.username does not exist
LINE 1: ...ser", "users_user"."email", "users_user"."phone", "users_use...
                                                             ^


The above exception was the direct cause of the following exception:

Traceback (most recent call last):
  File "/usr/local/lib/python3.11/site-packages/django/core/handlers/exception.py", line 55, in inner
    response = get_response(request)
               ^^^^^^^^^^^^^^^^^^^^^
  File "/usr/local/lib/python3.11/site-packages/django/core/handlers/base.py", line 197, in _get_response
    response = wrapped_callback(request, *callback_args, **callback_kwargs)
               ^^^^^^^^^^^^^^^^^^^^^^^^^^^^^^^^^^^^^^^^^^^^^^^^^^^^^^^^^^^^
  File "/usr/local/lib/python3.11/site-packages/django/views/decorators/csrf.py", line 56, in wrapper_view
    return view_func(*args, **kwargs)
           ^^^^^^^^^^^^^^^^^^^^^^^^^^
  File "/usr/local/lib/python3.11/site-packages/django/views/generic/base.py", line 105, in view
    return self.dispatch(request, *args, **kwargs)
           ^^^^^^^^^^^^^^^^^^^^^^^^^^^^^^^^^^^^^^^
  File "/usr/local/lib/python3.11/site-packages/rest_framework/views.py", line 515, in dispatch
    response = self.handle_exception(exc)
               ^^^^^^^^^^^^^^^^^^^^^^^^^^
  File "/usr/local/lib/python3.11/site-packages/rest_framework/views.py", line 475, in handle_exception
    self.raise_uncaught_exception(exc)
  File "/usr/local/lib/python3.11/site-packages/rest_framework/views.py", line 486, in raise_uncaught_exception
    raise exc
  File "/usr/local/lib/python3.11/site-packages/rest_framework/views.py", line 503, in dispatch
    self.initial(request, *args, **kwargs)
  File "/usr/local/lib/python3.11/site-packages/rest_framework/views.py", line 420, in initial
    self.perform_authentication(request)
  File "/usr/local/lib/python3.11/site-packages/rest_framework/views.py", line 330, in perform_authentication
    request.user
  File "/usr/local/lib/python3.11/site-packages/rest_framework/request.py", line 232, in user
    self._authenticate()
  File "/usr/local/lib/python3.11/site-packages/rest_framework/request.py", line 385, in _authenticate
    user_auth_tuple = authenticator.authenticate(self)
                      ^^^^^^^^^^^^^^^^^^^^^^^^^^^^^^^^
  File "/usr/local/lib/python3.11/site-packages/rest_framework_simplejwt/authentication.py", line 51, in authenticate
    return self.get_user(validated_token), validated_token
           ^^^^^^^^^^^^^^^^^^^^^^^^^^^^^^
  File "/usr/local/lib/python3.11/site-packages/rest_framework_simplejwt/authentication.py", line 132, in get_user
    user = self.user_model.objects.get(**{api_settings.USER_ID_FIELD: user_id})
           ^^^^^^^^^^^^^^^^^^^^^^^^^^^^^^^^^^^^^^^^^^^^^^^^^^^^^^^^^^^^^^^^^^^^
  File "/usr/local/lib/python3.11/site-packages/django/db/models/manager.py", line 87, in manager_method
    return getattr(self.get_queryset(), name)(*args, **kwargs)
           ^^^^^^^^^^^^^^^^^^^^^^^^^^^^^^^^^^^^^^^^^^^^^^^^^^^
  File "/usr/local/lib/python3.11/site-packages/django/db/models/query.py", line 635, in get
    num = len(clone)
          ^^^^^^^^^^
  File "/usr/local/lib/python3.11/site-packages/django/db/models/query.py", line 382, in __len__
    self._fetch_all()
  File "/usr/local/lib/python3.11/site-packages/django/db/models/query.py", line 1886, in _fetch_all
    self._result_cache = list(self._iterable_class(self))
                         ^^^^^^^^^^^^^^^^^^^^^^^^^^^^^^^^
  File "/usr/local/lib/python3.11/site-packages/django/db/models/query.py", line 93, in __iter__
    results = compiler.execute_sql(
              ^^^^^^^^^^^^^^^^^^^^^
  File "/usr/local/lib/python3.11/site-packages/django/db/models/sql/compiler.py", line 1562, in execute_sql
    cursor.execute(sql, params)
  File "/usr/local/lib/python3.11/site-packages/django/db/backends/utils.py", line 102, in execute
    return super().execute(sql, params)
           ^^^^^^^^^^^^^^^^^^^^^^^^^^^^
  File "/usr/local/lib/python3.11/site-packages/django/db/backends/utils.py", line 67, in execute
    return self._execute_with_wrappers(
           ^^^^^^^^^^^^^^^^^^^^^^^^^^^^
  File "/usr/local/lib/python3.11/site-packages/django/db/backends/utils.py", line 80, in _execute_with_wrappers
    return executor(sql, params, many, context)
           ^^^^^^^^^^^^^^^^^^^^^^^^^^^^^^^^^^^^
  File "/usr/local/lib/python3.11/site-packages/django/db/backends/utils.py", line 84, in _execute
    with self.db.wrap_database_errors:
  File "/usr/local/lib/python3.11/site-packages/django/db/utils.py", line 91, in __exit__
    raise dj_exc_value.with_traceback(traceback) from exc_value
  File "/usr/local/lib/python3.11/site-packages/django/db/backends/utils.py", line 89, in _execute
    return self.cursor.execute(sql, params)
           ^^^^^^^^^^^^^^^^^^^^^^^^^^^^^^^^
django.db.utils.ProgrammingError: column users_user.username does not exist
LINE 1: ...ser", "users_user"."email", "users_user"."phone", "users_use...
                                                             ^

"GET /api/subjects/ HTTP/1.1" 500 21113
Internal Server Error: /api/messenger/groups/
Traceback (most recent call last):
  File "/usr/local/lib/python3.11/site-packages/django/db/backends/utils.py", line 89, in _execute
    return self.cursor.execute(sql, params)
           ^^^^^^^^^^^^^^^^^^^^^^^^^^^^^^^^
psycopg2.errors.UndefinedColumn: column users_user.username does not exist
LINE 1: ...ser", "users_user"."email", "users_user"."phone", "users_use...
                                                             ^


The above exception was the direct cause of the following exception:

Traceback (most recent call last):
  File "/usr/local/lib/python3.11/site-packages/django/core/handlers/exception.py", line 55, in inner
    response = get_response(request)
               ^^^^^^^^^^^^^^^^^^^^^
  File "/usr/local/lib/python3.11/site-packages/django/core/handlers/base.py", line 197, in _get_response
    response = wrapped_callback(request, *callback_args, **callback_kwargs)
               ^^^^^^^^^^^^^^^^^^^^^^^^^^^^^^^^^^^^^^^^^^^^^^^^^^^^^^^^^^^^
  File "/usr/local/lib/python3.11/site-packages/django/views/decorators/csrf.py", line 56, in wrapper_view
    return view_func(*args, **kwargs)
           ^^^^^^^^^^^^^^^^^^^^^^^^^^
  File "/usr/local/lib/python3.11/site-packages/django/views/generic/base.py", line 105, in view
    return self.dispatch(request, *args, **kwargs)
           ^^^^^^^^^^^^^^^^^^^^^^^^^^^^^^^^^^^^^^^
  File "/usr/local/lib/python3.11/site-packages/rest_framework/views.py", line 515, in dispatch
    response = self.handle_exception(exc)
               ^^^^^^^^^^^^^^^^^^^^^^^^^^
  File "/usr/local/lib/python3.11/site-packages/rest_framework/views.py", line 475, in handle_exception
    self.raise_uncaught_exception(exc)
  File "/usr/local/lib/python3.11/site-packages/rest_framework/views.py", line 486, in raise_uncaught_exception
    raise exc
  File "/usr/local/lib/python3.11/site-packages/rest_framework/views.py", line 503, in dispatch
    self.initial(request, *args, **kwargs)
  File "/usr/local/lib/python3.11/site-packages/rest_framework/views.py", line 420, in initial
    self.perform_authentication(request)
  File "/usr/local/lib/python3.11/site-packages/rest_framework/views.py", line 330, in perform_authentication
    request.user
  File "/usr/local/lib/python3.11/site-packages/rest_framework/request.py", line 232, in user
    self._authenticate()
  File "/usr/local/lib/python3.11/site-packages/rest_framework/request.py", line 385, in _authenticate
    user_auth_tuple = authenticator.authenticate(self)
                      ^^^^^^^^^^^^^^^^^^^^^^^^^^^^^^^^
  File "/usr/local/lib/python3.11/site-packages/rest_framework_simplejwt/authentication.py", line 51, in authenticate
    return self.get_user(validated_token), validated_token
           ^^^^^^^^^^^^^^^^^^^^^^^^^^^^^^
  File "/usr/local/lib/python3.11/site-packages/rest_framework_simplejwt/authentication.py", line 132, in get_user
    user = self.user_model.objects.get(**{api_settings.USER_ID_FIELD: user_id})
           ^^^^^^^^^^^^^^^^^^^^^^^^^^^^^^^^^^^^^^^^^^^^^^^^^^^^^^^^^^^^^^^^^^^^
  File "/usr/local/lib/python3.11/site-packages/django/db/models/manager.py", line 87, in manager_method
    return getattr(self.get_queryset(), name)(*args, **kwargs)
           ^^^^^^^^^^^^^^^^^^^^^^^^^^^^^^^^^^^^^^^^^^^^^^^^^^^
  File "/usr/local/lib/python3.11/site-packages/django/db/models/query.py", line 635, in get
    num = len(clone)
          ^^^^^^^^^^
  File "/usr/local/lib/python3.11/site-packages/django/db/models/query.py", line 382, in __len__
    self._fetch_all()
  File "/usr/local/lib/python3.11/site-packages/django/db/models/query.py", line 1886, in _fetch_all
    self._result_cache = list(self._iterable_class(self))
                         ^^^^^^^^^^^^^^^^^^^^^^^^^^^^^^^^
  File "/usr/local/lib/python3.11/site-packages/django/db/models/query.py", line 93, in __iter__
    results = compiler.execute_sql(
              ^^^^^^^^^^^^^^^^^^^^^
  File "/usr/local/lib/python3.11/site-packages/django/db/models/sql/compiler.py", line 1562, in execute_sql
    cursor.execute(sql, params)
  File "/usr/local/lib/python3.11/site-packages/django/db/backends/utils.py", line 102, in execute
    return super().execute(sql, params)
           ^^^^^^^^^^^^^^^^^^^^^^^^^^^^
  File "/usr/local/lib/python3.11/site-packages/django/db/backends/utils.py", line 67, in execute
    return self._execute_with_wrappers(
           ^^^^^^^^^^^^^^^^^^^^^^^^^^^^
  File "/usr/local/lib/python3.11/site-packages/django/db/backends/utils.py", line 80, in _execute_with_wrappers
    return executor(sql, params, many, context)
           ^^^^^^^^^^^^^^^^^^^^^^^^^^^^^^^^^^^^
  File "/usr/local/lib/python3.11/site-packages/django/db/backends/utils.py", line 84, in _execute
    with self.db.wrap_database_errors:
  File "/usr/local/lib/python3.11/site-packages/django/db/utils.py", line 91, in __exit__
    raise dj_exc_value.with_traceback(traceback) from exc_value
  File "/usr/local/lib/python3.11/site-packages/django/db/backends/utils.py", line 89, in _execute
    return self.cursor.execute(sql, params)
           ^^^^^^^^^^^^^^^^^^^^^^^^^^^^^^^^
django.db.utils.ProgrammingError: column users_user.username does not exist
LINE 1: ...ser", "users_user"."email", "users_user"."phone", "users_use...
                                                             ^

"GET /api/messenger/groups/ HTTP/1.1" 500 21154
"GET /api/swagger/ HTTP/1.1" 200 4653
"GET /api/schema/ HTTP/1.1" 200 144746
"GET /admin/courses/course/ HTTP/1.1" 302 0
"GET /admin/login/?next=/admin/courses/course/ HTTP/1.1" 200 4314
"GET /admin/login/?next=/admin/courses/course/ HTTP/1.1" 200 4314
"GET /admin/login/?next=/admin/courses/course/ HTTP/1.1" 200 4314
Internal Server Error: /admin/login/
Traceback (most recent call last):
  File "/usr/local/lib/python3.11/site-packages/django/db/backends/utils.py", line 89, in _execute
    return self.cursor.execute(sql, params)
           ^^^^^^^^^^^^^^^^^^^^^^^^^^^^^^^^
psycopg2.errors.UndefinedColumn: column users_user.username does not exist
LINE 1: ...ser", "users_user"."email", "users_user"."phone", "users_use...
                                                             ^


The above exception was the direct cause of the following exception:

Traceback (most recent call last):
  File "/usr/local/lib/python3.11/site-packages/django/core/handlers/exception.py", line 55, in inner
    response = get_response(request)
               ^^^^^^^^^^^^^^^^^^^^^
  File "/usr/local/lib/python3.11/site-packages/django/core/handlers/base.py", line 197, in _get_response
    response = wrapped_callback(request, *callback_args, **callback_kwargs)
               ^^^^^^^^^^^^^^^^^^^^^^^^^^^^^^^^^^^^^^^^^^^^^^^^^^^^^^^^^^^^
  File "/usr/local/lib/python3.11/site-packages/django/utils/decorators.py", line 46, in _wrapper
    return bound_method(*args, **kwargs)
           ^^^^^^^^^^^^^^^^^^^^^^^^^^^^^
  File "/usr/local/lib/python3.11/site-packages/django/views/decorators/cache.py", line 62, in _wrapper_view_func
    response = view_func(request, *args, **kwargs)
               ^^^^^^^^^^^^^^^^^^^^^^^^^^^^^^^^^^^
  File "/usr/local/lib/python3.11/site-packages/django/contrib/admin/sites.py", line 441, in login
    return LoginView.as_view(**defaults)(request)
           ^^^^^^^^^^^^^^^^^^^^^^^^^^^^^^^^^^^^^^
  File "/usr/local/lib/python3.11/site-packages/django/views/generic/base.py", line 105, in view
    return self.dispatch(request, *args, **kwargs)
           ^^^^^^^^^^^^^^^^^^^^^^^^^^^^^^^^^^^^^^^
  File "/usr/local/lib/python3.11/site-packages/django/utils/decorators.py", line 46, in _wrapper
    return bound_method(*args, **kwargs)
           ^^^^^^^^^^^^^^^^^^^^^^^^^^^^^
  File "/usr/local/lib/python3.11/site-packages/django/views/decorators/debug.py", line 92, in sensitive_post_parameters_wrapper
    return view(request, *args, **kwargs)
           ^^^^^^^^^^^^^^^^^^^^^^^^^^^^^^
  File "/usr/local/lib/python3.11/site-packages/django/utils/decorators.py", line 46, in _wrapper
    return bound_method(*args, **kwargs)
           ^^^^^^^^^^^^^^^^^^^^^^^^^^^^^
  File "/usr/local/lib/python3.11/site-packages/django/utils/decorators.py", line 134, in _wrapper_view
    response = view_func(request, *args, **kwargs)
               ^^^^^^^^^^^^^^^^^^^^^^^^^^^^^^^^^^^
  File "/usr/local/lib/python3.11/site-packages/django/utils/decorators.py", line 46, in _wrapper
    return bound_method(*args, **kwargs)
           ^^^^^^^^^^^^^^^^^^^^^^^^^^^^^
  File "/usr/local/lib/python3.11/site-packages/django/views/decorators/cache.py", line 62, in _wrapper_view_func
    response = view_func(request, *args, **kwargs)
               ^^^^^^^^^^^^^^^^^^^^^^^^^^^^^^^^^^^
  File "/usr/local/lib/python3.11/site-packages/django/contrib/auth/views.py", line 90, in dispatch
    return super().dispatch(request, *args, **kwargs)
           ^^^^^^^^^^^^^^^^^^^^^^^^^^^^^^^^^^^^^^^^^^
  File "/usr/local/lib/python3.11/site-packages/django/views/generic/base.py", line 144, in dispatch
    return handler(request, *args, **kwargs)
           ^^^^^^^^^^^^^^^^^^^^^^^^^^^^^^^^^
  File "/usr/local/lib/python3.11/site-packages/django/views/generic/edit.py", line 152, in post
    if form.is_valid():
       ^^^^^^^^^^^^^^^
  File "/usr/local/lib/python3.11/site-packages/django/forms/forms.py", line 201, in is_valid
    return self.is_bound and not self.errors
                                 ^^^^^^^^^^^
  File "/usr/local/lib/python3.11/site-packages/django/forms/forms.py", line 196, in errors
    self.full_clean()
  File "/usr/local/lib/python3.11/site-packages/django/forms/forms.py", line 434, in full_clean
    self._clean_form()
  File "/usr/local/lib/python3.11/site-packages/django/forms/forms.py", line 455, in _clean_form
    cleaned_data = self.clean()
                   ^^^^^^^^^^^^
  File "/usr/local/lib/python3.11/site-packages/django/contrib/auth/forms.py", line 252, in clean
    self.user_cache = authenticate(
                      ^^^^^^^^^^^^^
  File "/usr/local/lib/python3.11/site-packages/django/views/decorators/debug.py", line 42, in sensitive_variables_wrapper
    return func(*func_args, **func_kwargs)
           ^^^^^^^^^^^^^^^^^^^^^^^^^^^^^^^
  File "/usr/local/lib/python3.11/site-packages/django/contrib/auth/__init__.py", line 77, in authenticate
    user = backend.authenticate(request, **credentials)
           ^^^^^^^^^^^^^^^^^^^^^^^^^^^^^^^^^^^^^^^^^^^^
  File "/usr/local/lib/python3.11/site-packages/django/contrib/auth/backends.py", line 46, in authenticate
    user = UserModel._default_manager.get_by_natural_key(username)
           ^^^^^^^^^^^^^^^^^^^^^^^^^^^^^^^^^^^^^^^^^^^^^^^^^^^^^^^
  File "/usr/local/lib/python3.11/site-packages/django/contrib/auth/base_user.py", line 54, in get_by_natural_key
    return self.get(**{self.model.USERNAME_FIELD: username})
           ^^^^^^^^^^^^^^^^^^^^^^^^^^^^^^^^^^^^^^^^^^^^^^^^^
  File "/usr/local/lib/python3.11/site-packages/django/db/models/manager.py", line 87, in manager_method
    return getattr(self.get_queryset(), name)(*args, **kwargs)
           ^^^^^^^^^^^^^^^^^^^^^^^^^^^^^^^^^^^^^^^^^^^^^^^^^^^
  File "/usr/local/lib/python3.11/site-packages/django/db/models/query.py", line 635, in get
    num = len(clone)
          ^^^^^^^^^^
  File "/usr/local/lib/python3.11/site-packages/django/db/models/query.py", line 382, in __len__
    self._fetch_all()
  File "/usr/local/lib/python3.11/site-packages/django/db/models/query.py", line 1886, in _fetch_all
    self._result_cache = list(self._iterable_class(self))
                         ^^^^^^^^^^^^^^^^^^^^^^^^^^^^^^^^
  File "/usr/local/lib/python3.11/site-packages/django/db/models/query.py", line 93, in __iter__
    results = compiler.execute_sql(
              ^^^^^^^^^^^^^^^^^^^^^
  File "/usr/local/lib/python3.11/site-packages/django/db/models/sql/compiler.py", line 1562, in execute_sql
    cursor.execute(sql, params)
  File "/usr/local/lib/python3.11/site-packages/django/db/backends/utils.py", line 102, in execute
    return super().execute(sql, params)
           ^^^^^^^^^^^^^^^^^^^^^^^^^^^^
  File "/usr/local/lib/python3.11/site-packages/django/db/backends/utils.py", line 67, in execute
    return self._execute_with_wrappers(
           ^^^^^^^^^^^^^^^^^^^^^^^^^^^^
  File "/usr/local/lib/python3.11/site-packages/django/db/backends/utils.py", line 80, in _execute_with_wrappers
    return executor(sql, params, many, context)
           ^^^^^^^^^^^^^^^^^^^^^^^^^^^^^^^^^^^^
  File "/usr/local/lib/python3.11/site-packages/django/db/backends/utils.py", line 84, in _execute
    with self.db.wrap_database_errors:
  File "/usr/local/lib/python3.11/site-packages/django/db/utils.py", line 91, in __exit__
    raise dj_exc_value.with_traceback(traceback) from exc_value
  File "/usr/local/lib/python3.11/site-packages/django/db/backends/utils.py", line 89, in _execute
    return self.cursor.execute(sql, params)
           ^^^^^^^^^^^^^^^^^^^^^^^^^^^^^^^^
django.db.utils.ProgrammingError: column users_user.username does not exist
LINE 1: ...ser", "users_user"."email", "users_user"."phone", "users_use...
                                                             ^

"POST /admin/login/?next=/admin/courses/course/ HTTP/1.1" 500 230371
Internal Server Error: /api/subjects/
Traceback (most recent call last):
  File "/usr/local/lib/python3.11/site-packages/django/db/backends/utils.py", line 89, in _execute
    return self.cursor.execute(sql, params)
           ^^^^^^^^^^^^^^^^^^^^^^^^^^^^^^^^
psycopg2.errors.UndefinedColumn: column users_user.username does not exist
LINE 1: ...ser", "users_user"."email", "users_user"."phone", "users_use...
                                                             ^


The above exception was the direct cause of the following exception:

Traceback (most recent call last):
  File "/usr/local/lib/python3.11/site-packages/django/core/handlers/exception.py", line 55, in inner
    response = get_response(request)
               ^^^^^^^^^^^^^^^^^^^^^
  File "/usr/local/lib/python3.11/site-packages/django/core/handlers/base.py", line 197, in _get_response
    response = wrapped_callback(request, *callback_args, **callback_kwargs)
               ^^^^^^^^^^^^^^^^^^^^^^^^^^^^^^^^^^^^^^^^^^^^^^^^^^^^^^^^^^^^
  File "/usr/local/lib/python3.11/site-packages/django/views/decorators/csrf.py", line 56, in wrapper_view
    return view_func(*args, **kwargs)
           ^^^^^^^^^^^^^^^^^^^^^^^^^^
  File "/usr/local/lib/python3.11/site-packages/django/views/generic/base.py", line 105, in view
    return self.dispatch(request, *args, **kwargs)
           ^^^^^^^^^^^^^^^^^^^^^^^^^^^^^^^^^^^^^^^
  File "/usr/local/lib/python3.11/site-packages/rest_framework/views.py", line 515, in dispatch
    response = self.handle_exception(exc)
               ^^^^^^^^^^^^^^^^^^^^^^^^^^
  File "/usr/local/lib/python3.11/site-packages/rest_framework/views.py", line 475, in handle_exception
    self.raise_uncaught_exception(exc)
  File "/usr/local/lib/python3.11/site-packages/rest_framework/views.py", line 486, in raise_uncaught_exception
    raise exc
  File "/usr/local/lib/python3.11/site-packages/rest_framework/views.py", line 503, in dispatch
    self.initial(request, *args, **kwargs)
  File "/usr/local/lib/python3.11/site-packages/rest_framework/views.py", line 420, in initial
    self.perform_authentication(request)
  File "/usr/local/lib/python3.11/site-packages/rest_framework/views.py", line 330, in perform_authentication
    request.user
  File "/usr/local/lib/python3.11/site-packages/rest_framework/request.py", line 232, in user
    self._authenticate()
  File "/usr/local/lib/python3.11/site-packages/rest_framework/request.py", line 385, in _authenticate
    user_auth_tuple = authenticator.authenticate(self)
                      ^^^^^^^^^^^^^^^^^^^^^^^^^^^^^^^^
  File "/usr/local/lib/python3.11/site-packages/rest_framework_simplejwt/authentication.py", line 51, in authenticate
    return self.get_user(validated_token), validated_token
           ^^^^^^^^^^^^^^^^^^^^^^^^^^^^^^
  File "/usr/local/lib/python3.11/site-packages/rest_framework_simplejwt/authentication.py", line 132, in get_user
    user = self.user_model.objects.get(**{api_settings.USER_ID_FIELD: user_id})
           ^^^^^^^^^^^^^^^^^^^^^^^^^^^^^^^^^^^^^^^^^^^^^^^^^^^^^^^^^^^^^^^^^^^^
  File "/usr/local/lib/python3.11/site-packages/django/db/models/manager.py", line 87, in manager_method
    return getattr(self.get_queryset(), name)(*args, **kwargs)
           ^^^^^^^^^^^^^^^^^^^^^^^^^^^^^^^^^^^^^^^^^^^^^^^^^^^
  File "/usr/local/lib/python3.11/site-packages/django/db/models/query.py", line 635, in get
    num = len(clone)
          ^^^^^^^^^^
  File "/usr/local/lib/python3.11/site-packages/django/db/models/query.py", line 382, in __len__
    self._fetch_all()
  File "/usr/local/lib/python3.11/site-packages/django/db/models/query.py", line 1886, in _fetch_all
    self._result_cache = list(self._iterable_class(self))
                         ^^^^^^^^^^^^^^^^^^^^^^^^^^^^^^^^
  File "/usr/local/lib/python3.11/site-packages/django/db/models/query.py", line 93, in __iter__
    results = compiler.execute_sql(
              ^^^^^^^^^^^^^^^^^^^^^
  File "/usr/local/lib/python3.11/site-packages/django/db/models/sql/compiler.py", line 1562, in execute_sql
    cursor.execute(sql, params)
  File "/usr/local/lib/python3.11/site-packages/django/db/backends/utils.py", line 102, in execute
    return super().execute(sql, params)
           ^^^^^^^^^^^^^^^^^^^^^^^^^^^^
  File "/usr/local/lib/python3.11/site-packages/django/db/backends/utils.py", line 67, in execute
    return self._execute_with_wrappers(
           ^^^^^^^^^^^^^^^^^^^^^^^^^^^^
  File "/usr/local/lib/python3.11/site-packages/django/db/backends/utils.py", line 80, in _execute_with_wrappers
    return executor(sql, params, many, context)
           ^^^^^^^^^^^^^^^^^^^^^^^^^^^^^^^^^^^^
  File "/usr/local/lib/python3.11/site-packages/django/db/backends/utils.py", line 84, in _execute
    with self.db.wrap_database_errors:
  File "/usr/local/lib/python3.11/site-packages/django/db/utils.py", line 91, in __exit__
    raise dj_exc_value.with_traceback(traceback) from exc_value
  File "/usr/local/lib/python3.11/site-packages/django/db/backends/utils.py", line 89, in _execute
    return self.cursor.execute(sql, params)
           ^^^^^^^^^^^^^^^^^^^^^^^^^^^^^^^^
django.db.utils.ProgrammingError: column users_user.username does not exist
LINE 1: ...ser", "users_user"."email", "users_user"."phone", "users_use...
                                                             ^

"GET /api/subjects/ HTTP/1.1" 500 21113
"POST /admin/login/?next=/admin/courses/course/ HTTP/1.1" 200 4600
"POST /admin/login/?next=/admin/courses/course/ HTTP/1.1" 200 4600
"POST /admin/login/?next=/admin/courses/course/ HTTP/1.1" 200 4600
"POST /admin/login/?next=/admin/courses/course/ HTTP/1.1" 200 4600
"POST /admin/login/?next=/admin/courses/course/ HTTP/1.1" 200 4600
"POST /admin/login/?next=/admin/courses/course/ HTTP/1.1" 200 4600
Not Found: /
"GET / HTTP/1.1" 404 4239
"GET /admin/ HTTP/1.1" 302 0
"GET /admin/login/?next=/admin/ HTTP/1.1" 200 4284
"POST /admin/login/?next=/admin/ HTTP/1.1" 200 4570
"POST /admin/login/?next=/admin/ HTTP/1.1" 302 0
"GET /admin/ HTTP/1.1" 200 11226
Unauthorized: /api/subjects/
"GET /api/subjects/ HTTP/1.1" 401 147
Unauthorized: /api/messenger/groups/
"GET /api/messenger/groups/ HTTP/1.1" 401 147
/app/aitmatov_digital/settings.py changed, reloading.
Watching for file changes with StatReloader
"GET /admin/ HTTP/1.1" 200 11226
"GET /admin/ HTTP/1.1" 200 11226
"GET /admin/ HTTP/1.1" 200 11226
"GET /admin/users/user/ HTTP/1.1" 200 16265
"GET /admin/jsi18n/ HTTP/1.1" 200 16066
Unauthorized: /api/users/me/
"GET /api/users/me/ HTTP/1.1" 401 147
Unauthorized: /api/subjects/
"GET /api/subjects/ HTTP/1.1" 401 147
Unauthorized: /api/users/me/
"GET /api/users/me/ HTTP/1.1" 401 147
Unauthorized: /api/subjects/
"GET /api/subjects/ HTTP/1.1" 401 147
Unauthorized: /api/subjects/
"GET /api/subjects/ HTTP/1.1" 401 147
Watching for file changes with StatReloader
"POST /api/auth/signup/ HTTP/1.1" 201 152
Unauthorized: /api/users/me/
"GET /api/users/me/ HTTP/1.1" 401 130
"POST /api/auth/login/ HTTP/1.1" 200 489
"GET /api/users/me/ HTTP/1.1" 200 219
"GET /api/subjects/ HTTP/1.1" 200 52
Not Found: /
"GET / HTTP/1.1" 404 4239
"GET /admin HTTP/1.1" 301 0
"GET /admin/ HTTP/1.1" 200 11226
"GET /admin/courses/course/ HTTP/1.1" 200 12770
"GET /admin/jsi18n/ HTTP/1.1" 200 16066
"GET /admin/courses/course/add/ HTTP/1.1" 200 29523
"GET /admin/jsi18n/ HTTP/1.1" 200 16066
"GET /admin/subjects/subject/ HTTP/1.1" 200 12297
"GET /admin/jsi18n/ HTTP/1.1" 200 16066
"GET /admin/subjects/subject/add/ HTTP/1.1" 200 15826
"GET /admin/jsi18n/ HTTP/1.1" 200 16066
"POST /admin/subjects/subject/add/ HTTP/1.1" 302 0
"GET /admin/subjects/subject/ HTTP/1.1" 200 14698
"GET /admin/jsi18n/ HTTP/1.1" 200 16066
"GET /admin/subjects/subject/add/ HTTP/1.1" 200 15826
"GET /admin/jsi18n/ HTTP/1.1" 200 16066
"POST /admin/subjects/subject/add/ HTTP/1.1" 302 0
"GET /admin/subjects/subject/ HTTP/1.1" 200 15071
"GET /admin/jsi18n/ HTTP/1.1" 200 16066
"GET /admin/subjects/subject/add/ HTTP/1.1" 200 15826
"GET /admin/jsi18n/ HTTP/1.1" 200 16066
"POST /admin/subjects/subject/add/ HTTP/1.1" 302 0
"GET /admin/subjects/subject/ HTTP/1.1" 200 15429
"GET /admin/jsi18n/ HTTP/1.1" 200 16066
"GET /api/subjects/ HTTP/1.1" 200 313
"GET /api/aitmatov/themes/ HTTP/1.1" 200 52
"GET /api/courses/ HTTP/1.1" 200 52
"GET /admin/courses/course/ HTTP/1.1" 200 13171
"GET /admin/jsi18n/ HTTP/1.1" 200 16066
"GET /admin/courses/course/add/ HTTP/1.1" 200 29523
"GET /admin/jsi18n/ HTTP/1.1" 200 16066
"GET /admin/autocomplete/?app_label=courses&model_name=course&field_name=subject HTTP/1.1" 200 245
"GET /admin/autocomplete/?app_label=courses&model_name=course&field_name=teacher HTTP/1.1" 200 193
"GET /admin/autocomplete/?app_label=courses&model_name=course&field_name=aitmatov_theme HTTP/1.1" 200 46
"GET /admin/autocomplete/?app_label=courses&model_name=course&field_name=teacher HTTP/1.1" 200 193
"GET /admin/autocomplete/?app_label=courses&model_name=course&field_name=aitmatov_theme HTTP/1.1" 200 46
"POST /admin/courses/course/add/ HTTP/1.1" 302 0
"GET /admin/courses/course/ HTTP/1.1" 200 16326
"GET /admin/jsi18n/ HTTP/1.1" 200 16066
"GET /api/courses/ HTTP/1.1" 200 366
"GET /api/courses/1/ HTTP/1.1" 200 408
"GET /api/courses/1/lessons/ HTTP/1.1" 200 52
"GET /api/courses/ HTTP/1.1" 200 366
"GET /api/users/me/ HTTP/1.1" 200 219
"GET /api/messenger/groups/ HTTP/1.1" 200 52
"GET /api/courses/ HTTP/1.1" 200 366
"GET /api/courses/1/ HTTP/1.1" 200 408
"GET /api/courses/1/lessons/ HTTP/1.1" 200 52
"GET /admin/courses/lesson/ HTTP/1.1" 200 13012
"GET /admin/jsi18n/ HTTP/1.1" 200 16066
"GET /admin/courses/lesson/add/ HTTP/1.1" 200 17896
"GET /admin/jsi18n/ HTTP/1.1" 200 16066
"GET /api/subjects/ HTTP/1.1" 200 313
"GET /api/subjects/ HTTP/1.1" 200 313
"GET /api/courses/ HTTP/1.1" 200 366
"GET /api/courses/ HTTP/1.1" 200 366
"GET /api/courses/ HTTP/1.1" 200 366
"GET /api/courses/1/ HTTP/1.1" 200 408
"GET /api/courses/1/lessons/ HTTP/1.1" 200 52
"GET /api/aitmatov/themes/ HTTP/1.1" 200 52
"GET /api/users/me/ HTTP/1.1" 200 219
"POST /admin/courses/lesson/add/ HTTP/1.1" 302 0
"GET /admin/courses/lesson/ HTTP/1.1" 200 16369
"GET /admin/jsi18n/ HTTP/1.1" 200 16066
"GET /api/courses/ HTTP/1.1" 200 366
"GET /api/courses/1/ HTTP/1.1" 200 644
"GET /api/courses/1/lessons/ HTTP/1.1" 200 288
"GET /api/courses/1/lessons/ HTTP/1.1" 200 288
"GET /api/courses/1/lessons/ HTTP/1.1" 200 288
"POST /api/progress/ HTTP/1.1" 201 53
"GET /api/users/me/ HTTP/1.1" 200 219
"GET /admin/users/user/ HTTP/1.1" 200 16815
"GET /admin/jsi18n/ HTTP/1.1" 200 16066
"GET /admin/users/user/add/ HTTP/1.1" 200 17408
"GET /admin/jsi18n/ HTTP/1.1" 200 16066
"POST /admin/users/user/add/ HTTP/1.1" 302 0
"GET /admin/users/user/3/change/ HTTP/1.1" 200 30069
"GET /admin/jsi18n/ HTTP/1.1" 200 16066
Unauthorized: /api/auth/login/
"POST /api/auth/login/ HTTP/1.1" 401 164
Unauthorized: /api/auth/login/
"POST /api/auth/login/ HTTP/1.1" 401 164
Unauthorized: /api/auth/login/
"POST /api/auth/login/ HTTP/1.1" 401 164
Unauthorized: /api/auth/login/
"POST /api/auth/login/ HTTP/1.1" 401 164
Unauthorized: /api/auth/login/
"POST /api/auth/login/ HTTP/1.1" 401 164
Unauthorized: /api/auth/login/
"POST /api/auth/login/ HTTP/1.1" 401 164
Unauthorized: /api/auth/login/
"POST /api/auth/login/ HTTP/1.1" 401 164
Unauthorized: /api/auth/login/
"POST /api/auth/login/ HTTP/1.1" 401 164
Unauthorized: /api/auth/login/
"POST /api/auth/login/ HTTP/1.1" 401 164
Unauthorized: /api/auth/login/
"POST /api/auth/login/ HTTP/1.1" 401 164
Unauthorized: /api/auth/login/
"POST /api/auth/login/ HTTP/1.1" 401 164
Unauthorized: /api/auth/login/
"POST /api/auth/login/ HTTP/1.1" 401 164
Unauthorized: /api/auth/login/
"POST /api/auth/login/ HTTP/1.1" 401 164
Unauthorized: /api/auth/login/
"POST /api/auth/login/ HTTP/1.1" 401 164
"POST /api/auth/login/ HTTP/1.1" 200 489
"GET /api/users/me/ HTTP/1.1" 200 208
"GET /api/subjects/ HTTP/1.1" 200 313
"GET /api/users/me/ HTTP/1.1" 200 208
"GET /api/users/me/ HTTP/1.1" 200 208
"GET /api/users/me/ HTTP/1.1" 200 208
"GET /api/courses/ HTTP/1.1" 200 366
"GET /api/messenger/groups/ HTTP/1.1" 200 52
"GET /api/courses/ HTTP/1.1" 200 366
"GET /api/courses/1/ HTTP/1.1" 200 644
"GET /api/courses/1/lessons/ HTTP/1.1" 200 288
"GET /api/courses/1/lessons/ HTTP/1.1" 200 288
"GET /api/aitmatov/themes/ HTTP/1.1" 200 52
"GET /api/users/me/ HTTP/1.1" 200 208
"POST /api/auth/login/ HTTP/1.1" 200 489
"GET /api/users/me/ HTTP/1.1" 200 208
"GET /api/subjects/ HTTP/1.1" 200 313
"GET /api/messenger/groups/ HTTP/1.1" 200 52
"GET /api/users/me/ HTTP/1.1" 200 208
"GET /api/users/me/ HTTP/1.1" 200 208
"GET /api/users/ HTTP/1.1" 200 853
"GET /api/users/?role=teacher HTTP/1.1" 200 315
"PATCH /api/users/3/ HTTP/1.1" 200 166
"GET /api/users/?role=teacher HTTP/1.1" 200 315
"GET /api/users/ HTTP/1.1" 200 853
"GET /api/users/ HTTP/1.1" 200 853
"GET /api/subjects/ HTTP/1.1" 200 313
"GET /admin/users/user/3/change/ HTTP/1.1" 200 29753
"GET /admin/jsi18n/ HTTP/1.1" 200 16066
"GET /admin/users/user/add/ HTTP/1.1" 200 17408
"GET /admin/courses/lesson/ HTTP/1.1" 200 16146
"GET /admin/jsi18n/ HTTP/1.1" 200 16066
"GET /admin/courses/lesson/add/ HTTP/1.1" 200 17896
"GET /admin/jsi18n/ HTTP/1.1" 200 16066
"POST /admin/courses/lesson/add/ HTTP/1.1" 200 18436
"GET /admin/jsi18n/ HTTP/1.1" 200 16066
"POST /admin/courses/lesson/add/ HTTP/1.1" 302 0
"GET /admin/courses/lesson/ HTTP/1.1" 200 16885
"GET /admin/jsi18n/ HTTP/1.1" 200 16066
"GET /api/subjects/ HTTP/1.1" 200 313
"GET /api/subjects/ HTTP/1.1" 200 313
"GET /api/courses/ HTTP/1.1" 200 366
"GET /api/courses/1/ HTTP/1.1" 200 924
"GET /api/courses/1/lessons/ HTTP/1.1" 200 568
"GET /api/courses/1/lessons/ HTTP/1.1" 200 568
"GET /api/aitmatov/themes/ HTTP/1.1" 200 52
"GET /api/courses/ HTTP/1.1" 200 366
"GET /api/courses/1/ HTTP/1.1" 200 924
"GET /api/courses/1/lessons/ HTTP/1.1" 200 568
"GET /api/courses/1/lessons/ HTTP/1.1" 200 568
"GET /api/users/me/ HTTP/1.1" 200 208
"GET /api/users/me/ HTTP/1.1" 200 208
"GET /api/users/ HTTP/1.1" 200 853
"GET /api/users/ HTTP/1.1" 200 853
"PATCH /api/users/3/ HTTP/1.1" 200 166
"GET /api/users/ HTTP/1.1" 200 853
"GET /api/users/?role=teacher HTTP/1.1" 200 315
"GET /api/messenger/groups/ HTTP/1.1" 200 52
"GET /api/users/me/ HTTP/1.1" 200 208
"POST /api/auth/login/ HTTP/1.1" 200 489
"GET /api/users/me/ HTTP/1.1" 200 208
"GET /api/subjects/ HTTP/1.1" 200 313
"GET /api/users/me/ HTTP/1.1" 200 208
"GET /api/users/me/ HTTP/1.1" 200 208
"GET /api/users/me/ HTTP/1.1" 200 208
"GET /api/courses/ HTTP/1.1" 200 366
"GET /admin/courses/lesson/2/change/ HTTP/1.1" 200 18543
"GET /admin/jsi18n/ HTTP/1.1" 200 16066
"GET /admin/courses/course/ HTTP/1.1" 200 16118
"GET /admin/jsi18n/ HTTP/1.1" 200 16066
"GET /admin/courses/course/1/change/ HTTP/1.1" 200 35964
"GET /admin/jsi18n/ HTTP/1.1" 200 16066
"GET /admin/autocomplete/?app_label=courses&model_name=course&field_name=teacher HTTP/1.1" 200 241
"POST /admin/courses/course/1/change/ HTTP/1.1" 302 0
"GET /admin/courses/course/ HTTP/1.1" 200 16326
"GET /admin/jsi18n/ HTTP/1.1" 200 16066
"GET /api/subjects/ HTTP/1.1" 200 313
"GET /api/users/me/ HTTP/1.1" 200 208
"GET /api/users/me/ HTTP/1.1" 200 208
"GET /api/users/me/ HTTP/1.1" 200 208
"GET /api/courses/ HTTP/1.1" 200 366
"GET /api/subjects/ HTTP/1.1" 200 313
"GET /api/messenger/groups/ HTTP/1.1" 200 52
"GET /api/users/me/ HTTP/1.1" 200 208
"GET /api/users/me/ HTTP/1.1" 200 208
"GET /api/users/me/ HTTP/1.1" 200 208
"GET /api/courses/ HTTP/1.1" 200 366
"GET /api/courses/ HTTP/1.1" 200 366
"GET /admin/messenger/chatgroup/ HTTP/1.1" 200 11877
"GET /admin/jsi18n/ HTTP/1.1" 200 16066
"GET /admin/messenger/groupmembership/ HTTP/1.1" 200 12348
"GET /admin/jsi18n/ HTTP/1.1" 200 16066
"GET /admin/messenger/chatgroup/ HTTP/1.1" 200 11877
"GET /admin/jsi18n/ HTTP/1.1" 200 16066
"GET /admin/messenger/chatgroup/add/ HTTP/1.1" 200 16013
"GET /admin/jsi18n/ HTTP/1.1" 200 16066
"POST /admin/messenger/chatgroup/add/ HTTP/1.1" 302 0
"GET /admin/messenger/chatgroup/ HTTP/1.1" 200 14330
"GET /admin/jsi18n/ HTTP/1.1" 200 16066
"GET /admin/messenger/groupmembership/ HTTP/1.1" 200 12348
"GET /admin/jsi18n/ HTTP/1.1" 200 16066
"GET /admin/messenger/groupmembership/add/ HTTP/1.1" 200 16224
"GET /admin/jsi18n/ HTTP/1.1" 200 16066
"POST /admin/messenger/groupmembership/add/ HTTP/1.1" 302 0
"GET /admin/messenger/groupmembership/ HTTP/1.1" 200 14826
"GET /admin/jsi18n/ HTTP/1.1" 200 16066
"GET /admin/messenger/groupmembership/add/ HTTP/1.1" 200 16224
"GET /admin/jsi18n/ HTTP/1.1" 200 16066
"POST /admin/messenger/groupmembership/add/ HTTP/1.1" 302 0
"GET /admin/messenger/groupmembership/ HTTP/1.1" 200 15347
"GET /admin/jsi18n/ HTTP/1.1" 200 16066
"GET /admin/messenger/groupmembership/add/ HTTP/1.1" 200 16224
"GET /admin/jsi18n/ HTTP/1.1" 200 16066
"POST /admin/messenger/groupmembership/add/ HTTP/1.1" 302 0
"GET /admin/messenger/groupmembership/ HTTP/1.1" 200 15837
"GET /admin/jsi18n/ HTTP/1.1" 200 16066
"GET /api/messenger/groups/ HTTP/1.1" 200 630
"GET /api/messenger/groups/ HTTP/1.1" 200 630
Bad Request: /api/messenger/groups/1/messages/
"POST /api/messenger/groups/1/messages/ HTTP/1.1" 400 121
"GET /api/subjects/ HTTP/1.1" 200 313
"GET /api/messenger/groups/ HTTP/1.1" 200 630
"GET /api/messenger/groups/ HTTP/1.1" 200 630
"GET /api/messenger/groups/ HTTP/1.1" 200 630
"GET /api/messenger/groups/ HTTP/1.1" 200 630
"GET /api/messenger/groups/ HTTP/1.1" 200 630
"GET /admin/aitmatov/aitmatovtheme/ HTTP/1.1" 200 12370
"GET /admin/jsi18n/ HTTP/1.1" 200 16066
"GET /admin/aitmatov/aitmatovtheme/add/ HTTP/1.1" 200 15760
"GET /admin/jsi18n/ HTTP/1.1" 200 16066
"GET /admin/users/user/ HTTP/1.1" 200 17356
"GET /admin/jsi18n/ HTTP/1.1" 200 16066
"GET /admin/users/user/2/change/ HTTP/1.1" 200 29797
"GET /admin/jsi18n/ HTTP/1.1" 200 16066
"GET /admin/users/user/2/password/ HTTP/1.1" 200 12043
"POST /admin/users/user/2/password/ HTTP/1.1" 200 12411
"POST /admin/users/user/2/password/ HTTP/1.1" 302 0
"GET /admin/users/user/2/change/ HTTP/1.1" 200 29946
"GET /admin/jsi18n/ HTTP/1.1" 200 16066
"GET /api/courses/ HTTP/1.1" 200 366
"GET /api/courses/ HTTP/1.1" 200 366
"GET /api/courses/1/ HTTP/1.1" 200 924
"GET /api/courses/1/lessons/ HTTP/1.1" 200 568
"GET /api/courses/1/lessons/ HTTP/1.1" 200 568
"GET /admin/courses/lesson/ HTTP/1.1" 200 16656
"GET /admin/jsi18n/ HTTP/1.1" 200 16066
"GET /admin/courses/lesson/2/change/ HTTP/1.1" 200 18543
"GET /admin/jsi18n/ HTTP/1.1" 200 16066
"POST /admin/courses/lesson/2/change/ HTTP/1.1" 302 0
"GET /admin/courses/lesson/ HTTP/1.1" 200 16887
"GET /admin/jsi18n/ HTTP/1.1" 200 16066
Not Found: /v1/api/show
Not Found: /v1/api/show
Not Found: /v1/api/show
Not Found: /v1/api/show
"POST /v1/api/show HTTP/1.1" 404 4296
"POST /v1/api/show HTTP/1.1" 404 4296
"POST /v1/api/show HTTP/1.1" 404 4296
"POST /v1/api/show HTTP/1.1" 404 4296
Not Found: /v1/api/show
Not Found: /v1/api/show
Not Found: /v1/api/show
Not Found: /v1/api/show
"POST /v1/api/show HTTP/1.1" 404 4296
"POST /v1/api/show HTTP/1.1" 404 4296
"POST /v1/api/show HTTP/1.1" 404 4296
"POST /v1/api/show HTTP/1.1" 404 4296
/app/aitmatov_digital/settings.py changed, reloading.
Watching for file changes with StatReloader
/app/aitmatov_digital/urls.py changed, reloading.
Watching for file changes with StatReloader
/app/aitmatov_digital/urls.py changed, reloading.
Watching for file changes with StatReloader
"GET /admin/courses/lesson/ HTTP/1.1" 200 17310
"GET /admin/jsi18n/ HTTP/1.1" 200 16066
"GET /admin/courses/lesson/ HTTP/1.1" 200 17310
"GET /admin/jsi18n/ HTTP/1.1" 200 16066
"GET /admin/ HTTP/1.1" 200 15395
"GET /api/swagger/ HTTP/1.1" 200 4653
"GET /api/schema/ HTTP/1.1" 200 173899
"GET /api/schema/ HTTP/1.1" 200 80009
"GET /api/subjects/ HTTP/1.1" 200 313
"GET /admin/ HTTP/1.1" 200 15395
Internal Server Error: /admin/schedule/dailyschedule/
Traceback (most recent call last):
  File "/usr/local/lib/python3.11/site-packages/django/db/backends/utils.py", line 89, in _execute
    return self.cursor.execute(sql, params)
           ^^^^^^^^^^^^^^^^^^^^^^^^^^^^^^^^
psycopg2.errors.UndefinedTable: relation "schedule_dailyschedule" does not exist
LINE 1: SELECT COUNT(*) AS "__count" FROM "schedule_dailyschedule"
                                          ^


The above exception was the direct cause of the following exception:

Traceback (most recent call last):
  File "/usr/local/lib/python3.11/site-packages/django/core/handlers/exception.py", line 55, in inner
    response = get_response(request)
               ^^^^^^^^^^^^^^^^^^^^^
  File "/usr/local/lib/python3.11/site-packages/django/core/handlers/base.py", line 197, in _get_response
    response = wrapped_callback(request, *callback_args, **callback_kwargs)
               ^^^^^^^^^^^^^^^^^^^^^^^^^^^^^^^^^^^^^^^^^^^^^^^^^^^^^^^^^^^^
  File "/usr/local/lib/python3.11/site-packages/django/contrib/admin/options.py", line 689, in wrapper
    return self.admin_site.admin_view(view)(*args, **kwargs)
           ^^^^^^^^^^^^^^^^^^^^^^^^^^^^^^^^^^^^^^^^^^^^^^^^^
  File "/usr/local/lib/python3.11/site-packages/django/utils/decorators.py", line 134, in _wrapper_view
    response = view_func(request, *args, **kwargs)
               ^^^^^^^^^^^^^^^^^^^^^^^^^^^^^^^^^^^
  File "/usr/local/lib/python3.11/site-packages/django/views/decorators/cache.py", line 62, in _wrapper_view_func
    response = view_func(request, *args, **kwargs)
               ^^^^^^^^^^^^^^^^^^^^^^^^^^^^^^^^^^^
  File "/usr/local/lib/python3.11/site-packages/django/contrib/admin/sites.py", line 242, in inner
    return view(request, *args, **kwargs)
           ^^^^^^^^^^^^^^^^^^^^^^^^^^^^^^
  File "/usr/local/lib/python3.11/site-packages/django/utils/decorators.py", line 46, in _wrapper
    return bound_method(*args, **kwargs)
           ^^^^^^^^^^^^^^^^^^^^^^^^^^^^^
  File "/usr/local/lib/python3.11/site-packages/django/utils/decorators.py", line 134, in _wrapper_view
    response = view_func(request, *args, **kwargs)
               ^^^^^^^^^^^^^^^^^^^^^^^^^^^^^^^^^^^
  File "/usr/local/lib/python3.11/site-packages/django/contrib/admin/options.py", line 1927, in changelist_view
    cl = self.get_changelist_instance(request)
         ^^^^^^^^^^^^^^^^^^^^^^^^^^^^^^^^^^^^^
  File "/usr/local/lib/python3.11/site-packages/django/contrib/admin/options.py", line 837, in get_changelist_instance
    return ChangeList(
           ^^^^^^^^^^^
  File "/usr/local/lib/python3.11/site-packages/django/contrib/admin/views/main.py", line 123, in __init__
    self.get_results(request)
  File "/usr/local/lib/python3.11/site-packages/django/contrib/admin/views/main.py", line 279, in get_results
    result_count = paginator.count
                   ^^^^^^^^^^^^^^^
  File "/usr/local/lib/python3.11/site-packages/django/utils/functional.py", line 57, in __get__
    res = instance.__dict__[self.name] = self.func(instance)
                                         ^^^^^^^^^^^^^^^^^^^
  File "/usr/local/lib/python3.11/site-packages/django/core/paginator.py", line 93, in count
    return c()
           ^^^
  File "/usr/local/lib/python3.11/site-packages/django/db/models/query.py", line 610, in count
    return self.query.get_count(using=self.db)
           ^^^^^^^^^^^^^^^^^^^^^^^^^^^^^^^^^^^
  File "/usr/local/lib/python3.11/site-packages/django/db/models/sql/query.py", line 570, in get_count
    return obj.get_aggregation(using, {"__count": Count("*")})["__count"]
           ^^^^^^^^^^^^^^^^^^^^^^^^^^^^^^^^^^^^^^^^^^^^^^^^^^^
  File "/usr/local/lib/python3.11/site-packages/django/db/models/sql/query.py", line 556, in get_aggregation
    result = compiler.execute_sql(SINGLE)
             ^^^^^^^^^^^^^^^^^^^^^^^^^^^^
  File "/usr/local/lib/python3.11/site-packages/django/db/models/sql/compiler.py", line 1562, in execute_sql
    cursor.execute(sql, params)
  File "/usr/local/lib/python3.11/site-packages/django/db/backends/utils.py", line 102, in execute
    return super().execute(sql, params)
           ^^^^^^^^^^^^^^^^^^^^^^^^^^^^
  File "/usr/local/lib/python3.11/site-packages/django/db/backends/utils.py", line 67, in execute
    return self._execute_with_wrappers(
           ^^^^^^^^^^^^^^^^^^^^^^^^^^^^
  File "/usr/local/lib/python3.11/site-packages/django/db/backends/utils.py", line 80, in _execute_with_wrappers
    return executor(sql, params, many, context)
           ^^^^^^^^^^^^^^^^^^^^^^^^^^^^^^^^^^^^
  File "/usr/local/lib/python3.11/site-packages/django/db/backends/utils.py", line 84, in _execute
    with self.db.wrap_database_errors:
  File "/usr/local/lib/python3.11/site-packages/django/db/utils.py", line 91, in __exit__
    raise dj_exc_value.with_traceback(traceback) from exc_value
  File "/usr/local/lib/python3.11/site-packages/django/db/backends/utils.py", line 89, in _execute
    return self.cursor.execute(sql, params)
           ^^^^^^^^^^^^^^^^^^^^^^^^^^^^^^^^
django.db.utils.ProgrammingError: relation "schedule_dailyschedule" does not exist
LINE 1: SELECT COUNT(*) AS "__count" FROM "schedule_dailyschedule"
                                          ^

"GET /admin/schedule/dailyschedule/ HTTP/1.1" 500 173170
"GET /admin/schedule/dailyschedule/ HTTP/1.1" 200 14699
"GET /admin/jsi18n/ HTTP/1.1" 200 16066
"GET /admin/schedule/dailyschedule/add/ HTTP/1.1" 200 22029
"GET /admin/jsi18n/ HTTP/1.1" 200 16066
"GET /admin/autocomplete/?app_label=schedule&model_name=dailyschedule&field_name=subject HTTP/1.1" 200 245
"GET /admin/autocomplete/?app_label=schedule&model_name=dailyschedule&field_name=teacher HTTP/1.1" 200 241
"POST /admin/schedule/dailyschedule/add/ HTTP/1.1" 302 0
"GET /admin/schedule/dailyschedule/ HTTP/1.1" 200 18329
"GET /admin/jsi18n/ HTTP/1.1" 200 16066
"GET /api/users/me/ HTTP/1.1" 200 208
"POST /api/auth/login/ HTTP/1.1" 200 489
"GET /api/users/me/ HTTP/1.1" 200 208
"GET /api/subjects/ HTTP/1.1" 200 313
"GET /api/users/me/ HTTP/1.1" 200 208
"GET /api/users/me/ HTTP/1.1" 200 208
"GET /api/subjects/ HTTP/1.1" 200 313
"GET /api/aitmatov/themes/ HTTP/1.1" 200 52
"GET /api/schedule/?day=1 HTTP/1.1" 200 332
"GET /api/schedule/?day=2 HTTP/1.1" 200 52
"GET /api/schedule/?day=1 HTTP/1.1" 200 332
"GET /api/messenger/groups/ HTTP/1.1" 200 630
"GET /api/messenger/groups/ HTTP/1.1" 200 630
Bad Request: /api/messenger/groups/1/messages/
"POST /api/messenger/groups/1/messages/ HTTP/1.1" 400 121
"GET /api/subjects/ HTTP/1.1" 200 313
"GET /api/courses/ HTTP/1.1" 200 366
"GET /api/courses/1/ HTTP/1.1" 200 925
"GET /api/courses/1/lessons/ HTTP/1.1" 200 569
"GET /api/courses/1/lessons/ HTTP/1.1" 200 569
"GET /admin/courses/lesson/ HTTP/1.1" 200 17310
"GET /admin/jsi18n/ HTTP/1.1" 200 16066
"GET /admin/courses/lesson/2/change/ HTTP/1.1" 200 19197
"GET /admin/jsi18n/ HTTP/1.1" 200 16066
"GET /admin/aitmatov/aitmatovtheme/ HTTP/1.1" 200 13024
"GET /admin/jsi18n/ HTTP/1.1" 200 16066
"GET /admin/courses/course/ HTTP/1.1" 200 16770
"GET /admin/jsi18n/ HTTP/1.1" 200 16066
"GET /admin/courses/lesson/ HTTP/1.1" 200 17310
"GET /admin/jsi18n/ HTTP/1.1" 200 16066
"GET /admin/courses/lesson/2/change/ HTTP/1.1" 200 19197
"GET /admin/jsi18n/ HTTP/1.1" 200 16066
"POST /admin/courses/lesson/2/change/ HTTP/1.1" 302 0
"GET /admin/courses/lesson/ HTTP/1.1" 200 17541
"GET /admin/jsi18n/ HTTP/1.1" 200 16066
"GET /api/schedule/?day=1 HTTP/1.1" 200 332
"GET /api/schedule/?day=2 HTTP/1.1" 200 52
"GET /api/schedule/?day=1 HTTP/1.1" 200 332
"GET /admin/schedule/dailyschedule/ HTTP/1.1" 200 18050
"GET /admin/jsi18n/ HTTP/1.1" 200 16066
"GET /admin/progress/progressitem/ HTTP/1.1" 200 15546
"GET /admin/jsi18n/ HTTP/1.1" 200 16066
"GET /admin/schedule/dailyschedule/ HTTP/1.1" 200 18050
"GET /admin/jsi18n/ HTTP/1.1" 200 16066
"GET /admin/schedule/dailyschedule/add/ HTTP/1.1" 200 22029
"GET /admin/jsi18n/ HTTP/1.1" 200 16066
"GET /admin/autocomplete/?app_label=schedule&model_name=dailyschedule&field_name=subject HTTP/1.1" 200 245
"GET /admin/autocomplete/?app_label=schedule&model_name=dailyschedule&field_name=teacher HTTP/1.1" 200 241
"POST /admin/schedule/dailyschedule/add/ HTTP/1.1" 302 0
"GET /admin/schedule/dailyschedule/ HTTP/1.1" 200 18881
"GET /admin/jsi18n/ HTTP/1.1" 200 16066
"GET /api/schedule/?day=2 HTTP/1.1" 200 52
"GET /api/schedule/?day=1 HTTP/1.1" 200 611
"GET /api/aitmatov/themes/ HTTP/1.1" 200 52
"GET /api/courses/ HTTP/1.1" 200 366
"GET /api/aitmatov/themes/ HTTP/1.1" 200 52
Not Found: /v1/api/show
Not Found: /v1/api/show
Not Found: /v1/api/show
Not Found: /v1/api/show
"POST /v1/api/show HTTP/1.1" 404 4521
"POST /v1/api/show HTTP/1.1" 404 4521
"POST /v1/api/show HTTP/1.1" 404 4521
"POST /v1/api/show HTTP/1.1" 404 4521
Not Found: /v1/api/show
Not Found: /v1/api/show
"POST /v1/api/show HTTP/1.1" 404 4521
"POST /v1/api/show HTTP/1.1" 404 4521
Not Found: /v1/api/show
Not Found: /v1/api/show
"POST /v1/api/show HTTP/1.1" 404 4521
"POST /v1/api/show HTTP/1.1" 404 4521
"GET /api/subjects/ HTTP/1.1" 200 313
"GET /api/aitmatov/themes/ HTTP/1.1" 200 52
"GET /api/users/me/ HTTP/1.1" 200 208
"GET /api/users/me/ HTTP/1.1" 200 208
"GET /api/users/me/ HTTP/1.1" 200 208
"GET /api/schedule/?day=1 HTTP/1.1" 200 611
"GET /api/users/ HTTP/1.1" 200 853
"GET /api/users/ HTTP/1.1" 200 853
"GET /api/users/me/ HTTP/1.1" 200 208
"GET /api/users/me/ HTTP/1.1" 200 208
"GET /api/users/me/ HTTP/1.1" 200 208
"GET /api/users/ HTTP/1.1" 200 853
"GET /api/users/ HTTP/1.1" 200 853
"GET /api/schedule/?day=1 HTTP/1.1" 200 611
"GET /api/users/me/ HTTP/1.1" 200 208
"GET /api/users/me/ HTTP/1.1" 200 208
"GET /api/users/me/ HTTP/1.1" 200 208
"GET /api/users/ HTTP/1.1" 200 853
"GET /api/schedule/?day=1 HTTP/1.1" 200 611
"GET /api/users/ HTTP/1.1" 200 853
"GET /api/users/me/ HTTP/1.1" 200 208
"GET /api/users/me/ HTTP/1.1" 200 208
"GET /api/users/ HTTP/1.1" 200 853
"GET /api/users/me/ HTTP/1.1" 200 208
"GET /api/schedule/?day=1 HTTP/1.1" 200 611
"GET /api/users/ HTTP/1.1" 200 853
"GET /api/users/me/ HTTP/1.1" 200 208
"GET /api/users/me/ HTTP/1.1" 200 208
"GET /api/users/me/ HTTP/1.1" 200 208
"GET /api/users/ HTTP/1.1" 200 853
"GET /api/schedule/?day=1 HTTP/1.1" 200 611
"GET /api/users/ HTTP/1.1" 200 853
"GET /api/users/me/ HTTP/1.1" 200 208
"GET /api/users/me/ HTTP/1.1" 200 208
"GET /api/users/me/ HTTP/1.1" 200 208
"GET /api/schedule/?day=1 HTTP/1.1" 200 611
"GET /api/users/ HTTP/1.1" 200 853
"GET /api/users/ HTTP/1.1" 200 853
"GET /api/schedule/?day=2 HTTP/1.1" 200 52
"GET /api/users/me/ HTTP/1.1" 200 208
"GET /api/users/me/ HTTP/1.1" 200 208
"GET /api/users/me/ HTTP/1.1" 200 208
"GET /api/users/ HTTP/1.1" 200 853
"GET /api/users/ HTTP/1.1" 200 853
"GET /api/schedule/?day=1 HTTP/1.1" 200 611
"GET /api/users/me/ HTTP/1.1" 200 208
"GET /api/users/me/ HTTP/1.1" 200 208
"GET /api/users/ HTTP/1.1" 200 853
"GET /api/users/ HTTP/1.1" 200 853
"GET /api/schedule/?day=1 HTTP/1.1" 200 611
"POST /api/auth/login/ HTTP/1.1" 200 489
"GET /api/users/me/ HTTP/1.1" 200 208
"GET /api/users/me/ HTTP/1.1" 200 208
"GET /api/users/me/ HTTP/1.1" 200 208
"GET /api/users/me/ HTTP/1.1" 200 208
"GET /api/users/me/ HTTP/1.1" 200 208
"GET /api/courses/ HTTP/1.1" 200 366
Unauthorized: /api/auth/login/
"POST /api/auth/login/ HTTP/1.1" 401 164
Unauthorized: /api/auth/login/
"POST /api/auth/login/ HTTP/1.1" 401 164
"POST /api/auth/login/ HTTP/1.1" 200 489
"GET /api/users/me/ HTTP/1.1" 200 219
"GET /api/users/me/ HTTP/1.1" 200 219
"GET /api/subjects/ HTTP/1.1" 200 313
"GET /api/users/me/ HTTP/1.1" 200 219
"GET /api/schedule/?day=1 HTTP/1.1" 200 611
"GET /api/messenger/groups/ HTTP/1.1" 200 630
"GET /api/courses/ HTTP/1.1" 200 366
"GET /api/courses/1/ HTTP/1.1" 200 925
"GET /api/courses/1/lessons/ HTTP/1.1" 200 569
"GET /api/courses/1/lessons/ HTTP/1.1" 200 569
"GET /api/courses/1/lessons/ HTTP/1.1" 200 569
"GET /api/courses/ HTTP/1.1" 200 366
"GET /api/courses/ HTTP/1.1" 200 366
Not Found: /v1/api/show
Not Found: /v1/api/show
Not Found: /v1/api/show
Not Found: /v1/api/show
"POST /v1/api/show HTTP/1.1" 404 4521
"POST /v1/api/show HTTP/1.1" 404 4521
"POST /v1/api/show HTTP/1.1" 404 4521
"POST /v1/api/show HTTP/1.1" 404 4521
Not Found: /v1/api/show
Not Found: /v1/api/show
"POST /v1/api/show HTTP/1.1" 404 4521
"POST /v1/api/show HTTP/1.1" 404 4521
Not Found: /v1/api/show
Not Found: /v1/api/show
"POST /v1/api/show HTTP/1.1" 404 4521
"POST /v1/api/show HTTP/1.1" 404 4521
Not Found: /v1/api/show
Not Found: /v1/api/show
Not Found: /v1/api/show
Not Found: /v1/api/show
"POST /v1/api/show HTTP/1.1" 404 4521
"POST /v1/api/show HTTP/1.1" 404 4521
"POST /v1/api/show HTTP/1.1" 404 4521
"POST /v1/api/show HTTP/1.1" 404 4521
Not Found: /v1/api/show
Not Found: /v1/api/show
Not Found: /v1/api/show
Not Found: /v1/api/show
"POST /v1/api/show HTTP/1.1" 404 4521
"POST /v1/api/show HTTP/1.1" 404 4521
"POST /v1/api/show HTTP/1.1" 404 4521
"POST /v1/api/show HTTP/1.1" 404 4521
Not Found: /
"GET / HTTP/1.1" 404 4477
Not Found: /
"GET / HTTP/1.1" 404 4477
Not Found: /favicon.ico
"GET /favicon.ico HTTP/1.1" 404 4528
"GET /admin HTTP/1.1" 301 0
"GET /admin/ HTTP/1.1" 302 0
"GET /admin/login/?next=/admin/ HTTP/1.1" 200 4284
"POST /admin/login/?next=/admin/ HTTP/1.1" 302 0
"GET /admin/ HTTP/1.1" 200 15493
"POST /api/auth/login/ HTTP/1.1" 200 489
"GET /api/users/me/ HTTP/1.1" 200 208
"GET /api/users/me/ HTTP/1.1" 200 208
"GET /api/schedule/?day=1 HTTP/1.1" 200 611
"GET /api/users/me/ HTTP/1.1" 200 208
"GET /api/users/ HTTP/1.1" 200 853
"GET /api/users/me/ HTTP/1.1" 200 208
"GET /api/users/ HTTP/1.1" 200 853
"POST /api/schedule/ HTTP/1.1" 201 286
"GET /api/schedule/?day=1 HTTP/1.1" 200 611
"GET /api/schedule/?day=2 HTTP/1.1" 200 338
"POST /api/schedule/ HTTP/1.1" 201 274
"GET /api/schedule/?day=2 HTTP/1.1" 200 613
"GET /api/schedule/?day=1 HTTP/1.1" 200 611
"GET /api/schedule/?day=2 HTTP/1.1" 200 613
"GET /api/schedule/?day=1 HTTP/1.1" 200 611
"GET /api/schedule/?day=2 HTTP/1.1" 200 613
"POST /api/auth/login/ HTTP/1.1" 200 489
"GET /api/users/me/ HTTP/1.1" 200 219
"GET /api/users/me/ HTTP/1.1" 200 219
"GET /api/subjects/ HTTP/1.1" 200 313
"GET /api/users/me/ HTTP/1.1" 200 219
"GET /api/schedule/?day=1 HTTP/1.1" 200 611
"GET /api/messenger/groups/ HTTP/1.1" 200 630
"GET /api/schedule/?day=2 HTTP/1.1" 200 613
"GET /api/schedule/?day=1 HTTP/1.1" 200 611
"GET /api/messenger/groups/ HTTP/1.1" 200 630
Bad Request: /api/messenger/groups/1/messages/
"POST /api/messenger/groups/1/messages/ HTTP/1.1" 400 121
Bad Request: /api/users/me/
"PATCH /api/users/me/ HTTP/1.1" 400 149
Bad Request: /api/users/me/
"PATCH /api/users/me/ HTTP/1.1" 400 149
"GET /api/courses/ HTTP/1.1" 200 379
"GET /api/courses/1/ HTTP/1.1" 200 938
"GET /api/courses/1/lessons/ HTTP/1.1" 200 569
"GET /api/courses/1/lessons/ HTTP/1.1" 200 569
"GET /admin/ HTTP/1.1" 200 15493
"GET /admin/schedule/dailyschedule/ HTTP/1.1" 200 19636
"GET /admin/jsi18n/ HTTP/1.1" 200 16066
"GET /api/users/me/ HTTP/1.1" 200 219
"GET /api/schedule/?day=1 HTTP/1.1" 200 611
Not Found: /v1/api/show
"POST /v1/api/show HTTP/1.1" 404 4521
Not Found: /v1/api/show
"POST /v1/api/show HTTP/1.1" 404 4521
Not Found: /v1/api/show
"POST /v1/api/show HTTP/1.1" 404 4521
Not Found: /v1/api/show
"POST /v1/api/show HTTP/1.1" 404 4521
Not Found: /v1/api/show
Not Found: /v1/api/show
"POST /v1/api/show HTTP/1.1" 404 4521
"POST /v1/api/show HTTP/1.1" 404 4521
Not Found: /v1/api/show
Not Found: /v1/api/show
"POST /v1/api/show HTTP/1.1" 404 4521
"POST /v1/api/show HTTP/1.1" 404 4521
Not Found: /v1/api/show
Not Found: /v1/api/show
Not Found: /v1/api/show
Not Found: /v1/api/show
"POST /v1/api/show HTTP/1.1" 404 4521
"POST /v1/api/show HTTP/1.1" 404 4521
"POST /v1/api/show HTTP/1.1" 404 4521
"POST /v1/api/show HTTP/1.1" 404 4521
"GET /api/users/me/ HTTP/1.1" 200 219
"GET /api/subjects/ HTTP/1.1" 200 313
"GET /api/users/me/ HTTP/1.1" 200 219
"GET /api/schedule/?day=1 HTTP/1.1" 200 611
"GET /api/messenger/groups/ HTTP/1.1" 200 630
"POST /api/auth/login/ HTTP/1.1" 200 489
"GET /api/users/me/ HTTP/1.1" 200 208
"GET /api/users/me/ HTTP/1.1" 200 208
"GET /api/users/me/ HTTP/1.1" 200 208
"GET /api/users/me/ HTTP/1.1" 200 208
"GET /api/users/me/ HTTP/1.1" 200 208
"GET /api/courses/ HTTP/1.1" 200 379
"GET /api/subjects/ HTTP/1.1" 200 313
"POST /api/auth/login/ HTTP/1.1" 200 489
"GET /api/users/me/ HTTP/1.1" 200 208
"GET /api/users/me/ HTTP/1.1" 200 208
"GET /api/users/me/ HTTP/1.1" 200 208
"GET /api/users/me/ HTTP/1.1" 200 208
"GET /api/schedule/?day=1 HTTP/1.1" 200 611
"GET /api/users/ HTTP/1.1" 200 853
"GET /api/users/ HTTP/1.1" 200 853
"GET /api/schedule/?day=2 HTTP/1.1" 200 613
"GET /api/schedule/?day=2 HTTP/1.1" 200 613
Bad Request: /api/schedule/
"POST /api/schedule/ HTTP/1.1" 400 114
Bad Request: /api/schedule/
"POST /api/schedule/ HTTP/1.1" 400 114
Bad Request: /api/schedule/
"POST /api/schedule/ HTTP/1.1" 400 114
"POST /api/schedule/ HTTP/1.1" 201 282
"GET /api/schedule/?day=2 HTTP/1.1" 200 896
"GET /api/schedule/?day=2 HTTP/1.1" 200 896
"GET /api/schedule/?day=1 HTTP/1.1" 200 611
"GET /api/schedule/?day=2 HTTP/1.1" 200 896
"GET /api/schedule/?day=3 HTTP/1.1" 200 52
"GET /api/schedule/?day=3 HTTP/1.1" 200 52
"POST /api/schedule/ HTTP/1.1" 201 266
"GET /api/schedule/?day=3 HTTP/1.1" 200 318
"GET /api/schedule/?day=3 HTTP/1.1" 200 318
"POST /api/schedule/ HTTP/1.1" 201 274
"POST /api/schedule/ HTTP/1.1" 201 274
"GET /api/schedule/?day=3 HTTP/1.1" 200 868
"GET /api/schedule/?day=3 HTTP/1.1" 200 868
"DELETE /api/schedule/7/ HTTP/1.1" 204 0
"GET /api/schedule/?day=3 HTTP/1.1" 200 593
"GET /api/schedule/?day=3 HTTP/1.1" 200 593
"PATCH /api/users/2/ HTTP/1.1" 200 177
"GET /api/users/ HTTP/1.1" 200 853
"GET /api/subjects/ HTTP/1.1" 200 313
"PATCH /api/users/2/ HTTP/1.1" 200 177
"GET /api/users/ HTTP/1.1" 200 853
"GET /api/schedule/?day=1 HTTP/1.1" 200 611
"GET /api/schedule/?day=2 HTTP/1.1" 200 896
"GET /api/schedule/?day=1 HTTP/1.1" 200 611
"POST /api/schedule/ HTTP/1.1" 201 288
"GET /api/schedule/?day=1 HTTP/1.1" 200 900
"GET /api/schedule/?day=1 HTTP/1.1" 200 900
"GET /api/schedule/?day=1 HTTP/1.1" 200 900
"GET /api/schedule/?day=1 HTTP/1.1" 200 900
"GET /api/schedule/?day=1 HTTP/1.1" 200 900
"GET /api/schedule/?day=1 HTTP/1.1" 200 900
"GET /admin/aitmatov/aitmatovtheme/ HTTP/1.1" 200 13024
"GET /admin/jsi18n/ HTTP/1.1" 200 16066
"GET /admin/aitmatov/aitmatovtheme/add/ HTTP/1.1" 200 16414
"GET /admin/jsi18n/ HTTP/1.1" 200 16066
"POST /admin/aitmatov/aitmatovtheme/add/ HTTP/1.1" 200 16633
"GET /admin/jsi18n/ HTTP/1.1" 200 16066
"POST /admin/aitmatov/aitmatovtheme/add/ HTTP/1.1" 302 0
"GET /admin/aitmatov/aitmatovtheme/ HTTP/1.1" 200 15515
"GET /admin/jsi18n/ HTTP/1.1" 200 16066
"GET /api/aitmatov/themes/ HTTP/1.1" 200 438
"GET /api/courses/?aitmatov_theme=1 HTTP/1.1" 200 52
"GET /api/users/me/ HTTP/1.1" 200 208
"GET /api/courses/?aitmatov_theme=1 HTTP/1.1" 200 52
"GET /api/users/me/ HTTP/1.1" 200 208
"GET /api/users/ HTTP/1.1" 200 853
"GET /api/users/me/ HTTP/1.1" 200 208
"GET /api/schedule/?day=1 HTTP/1.1" 200 900
"GET /api/users/ HTTP/1.1" 200 853
"GET /api/courses/ HTTP/1.1" 200 379
"GET /api/aitmatov/themes/ HTTP/1.1" 200 438
"GET /admin/subjects/subject/ HTTP/1.1" 200 15860
"GET /admin/jsi18n/ HTTP/1.1" 200 16066
"GET /admin/subjects/subject/add/ HTTP/1.1" 200 16480
"GET /admin/jsi18n/ HTTP/1.1" 200 16066
"POST /admin/subjects/subject/add/ HTTP/1.1" 302 0
"GET /admin/subjects/subject/ HTTP/1.1" 200 16461
"GET /admin/jsi18n/ HTTP/1.1" 200 16066
"GET /admin/subjects/subject/add/ HTTP/1.1" 200 16480
"GET /admin/jsi18n/ HTTP/1.1" 200 16066
"POST /admin/subjects/subject/add/ HTTP/1.1" 302 0
"GET /admin/subjects/subject/ HTTP/1.1" 200 16813
"GET /admin/jsi18n/ HTTP/1.1" 200 16066
"GET /admin/subjects/subject/add/ HTTP/1.1" 200 16480
"GET /admin/jsi18n/ HTTP/1.1" 200 16066
"POST /admin/subjects/subject/add/ HTTP/1.1" 302 0
"GET /admin/subjects/subject/ HTTP/1.1" 200 17201
"GET /admin/jsi18n/ HTTP/1.1" 200 16066
"GET /admin/users/user/ HTTP/1.1" 200 18010
"GET /admin/jsi18n/ HTTP/1.1" 200 16066
"GET /admin/courses/course/ HTTP/1.1" 200 16994
"GET /admin/jsi18n/ HTTP/1.1" 200 16066
"GET /admin/courses/lesson/ HTTP/1.1" 200 17310
"GET /admin/jsi18n/ HTTP/1.1" 200 16066
"GET /admin/courses/course/ HTTP/1.1" 200 16994
"GET /admin/jsi18n/ HTTP/1.1" 200 16066
"GET /admin/courses/course/add/ HTTP/1.1" 200 30177
"GET /admin/jsi18n/ HTTP/1.1" 200 16066
"GET /admin/autocomplete/?app_label=courses&model_name=course&field_name=subject HTTP/1.1" 200 470
"GET /admin/autocomplete/?app_label=courses&model_name=course&field_name=teacher HTTP/1.1" 200 241
"GET /admin/autocomplete/?app_label=courses&model_name=course&field_name=aitmatov_theme HTTP/1.1" 200 160
"GET /admin/autocomplete/?app_label=courses&model_name=course&field_name=aitmatov_theme HTTP/1.1" 200 160
"POST /admin/courses/course/add/ HTTP/1.1" 302 0
"GET /admin/courses/course/ HTTP/1.1" 200 17872
"GET /admin/jsi18n/ HTTP/1.1" 200 16066
"GET /admin/courses/course/add/ HTTP/1.1" 200 30177
"GET /admin/jsi18n/ HTTP/1.1" 200 16066
"GET /admin/autocomplete/?app_label=courses&model_name=course&field_name=subject HTTP/1.1" 200 470
"GET /admin/autocomplete/?app_label=courses&model_name=course&field_name=teacher HTTP/1.1" 200 241
"GET /admin/autocomplete/?app_label=courses&model_name=course&field_name=aitmatov_theme HTTP/1.1" 200 160
"POST /admin/courses/course/add/ HTTP/1.1" 302 0
"GET /admin/courses/course/ HTTP/1.1" 200 18478
"GET /admin/jsi18n/ HTTP/1.1" 200 16066
"GET /admin/progress/progressitem/ HTTP/1.1" 200 15546
"GET /admin/jsi18n/ HTTP/1.1" 200 16066
"GET /admin/subjects/subject/ HTTP/1.1" 200 16968
"GET /admin/jsi18n/ HTTP/1.1" 200 16066
"GET /admin/schedule/dailyschedule/ HTTP/1.1" 200 21915
"GET /admin/jsi18n/ HTTP/1.1" 200 16066
"GET /admin/schedule/dailyschedule/8/change/ HTTP/1.1" 200 22338
"GET /admin/jsi18n/ HTTP/1.1" 200 16066
"GET /admin/autocomplete/?app_label=schedule&model_name=dailyschedule&field_name=subject HTTP/1.1" 200 470
"GET /admin/autocomplete/?app_label=schedule&model_name=dailyschedule&field_name=teacher HTTP/1.1" 200 241
"POST /admin/schedule/dailyschedule/8/change/ HTTP/1.1" 302 0
"GET /admin/schedule/dailyschedule/ HTTP/1.1" 200 22219
"GET /admin/jsi18n/ HTTP/1.1" 200 16066
"GET /admin/schedule/dailyschedule/9/change/ HTTP/1.1" 200 22382
"GET /admin/jsi18n/ HTTP/1.1" 200 16066
"GET /admin/autocomplete/?app_label=schedule&model_name=dailyschedule&field_name=subject HTTP/1.1" 200 470
"GET /admin/autocomplete/?app_label=schedule&model_name=dailyschedule&field_name=teacher HTTP/1.1" 200 241
"POST /admin/schedule/dailyschedule/9/change/ HTTP/1.1" 302 0
"GET /admin/schedule/dailyschedule/ HTTP/1.1" 200 22270
"GET /admin/jsi18n/ HTTP/1.1" 200 16066
"GET /api/subjects/ HTTP/1.1" 200 587
"GET /api/subjects/ HTTP/1.1" 200 587
"GET /api/aitmatov/themes/ HTTP/1.1" 200 438
"GET /api/courses/?aitmatov_theme=1 HTTP/1.1" 200 418
"GET /api/courses/3/ HTTP/1.1" 200 842
"GET /api/courses/3/lessons/ HTTP/1.1" 200 52
"GET /api/courses/?aitmatov_theme=1 HTTP/1.1" 200 418
"GET /api/courses/3/ HTTP/1.1" 200 842
"GET /api/courses/3/lessons/ HTTP/1.1" 200 52
"GET /api/courses/ HTTP/1.1" 200 1030
"GET /api/courses/ HTTP/1.1" 200 1030
"GET /api/courses/ HTTP/1.1" 200 1030
"GET /api/courses/ HTTP/1.1" 200 1030
"GET /admin/aitmatov/aitmatovtheme/ HTTP/1.1" 200 15254
"GET /admin/jsi18n/ HTTP/1.1" 200 16066
"GET /admin/messenger/message/ HTTP/1.1" 200 13166
"GET /admin/jsi18n/ HTTP/1.1" 200 16066
"GET /admin/messenger/message/add/ HTTP/1.1" 200 19372
"GET /admin/jsi18n/ HTTP/1.1" 200 16066
"POST /admin/messenger/message/add/ HTTP/1.1" 302 0
"GET /admin/messenger/message/ HTTP/1.1" 200 15888
"GET /admin/jsi18n/ HTTP/1.1" 200 16066
"GET /api/messenger/groups/ HTTP/1.1" 200 630
"GET /admin/courses/lesson/ HTTP/1.1" 200 17310
"GET /admin/jsi18n/ HTTP/1.1" 200 16066
"GET /admin/courses/lesson/add/ HTTP/1.1" 200 18644
"GET /admin/jsi18n/ HTTP/1.1" 200 16066
"POST /admin/courses/lesson/add/ HTTP/1.1" 302 0
"GET /admin/courses/lesson/ HTTP/1.1" 200 18179
"GET /admin/jsi18n/ HTTP/1.1" 200 16066
"GET /api/courses/ HTTP/1.1" 200 1030
"GET /api/courses/3/ HTTP/1.1" 200 3360
"GET /api/courses/3/lessons/ HTTP/1.1" 200 2570
"GET /api/courses/3/lessons/ HTTP/1.1" 200 2570
"GET /api/courses/ HTTP/1.1" 200 1030
"GET /api/courses/3/ HTTP/1.1" 200 3360
"GET /api/courses/3/lessons/ HTTP/1.1" 200 2570
"GET /api/courses/3/lessons/ HTTP/1.1" 200 2570
"GET /api/users/me/ HTTP/1.1" 200 208
"GET /api/users/me/ HTTP/1.1" 200 208
"GET /api/users/ HTTP/1.1" 200 853
"GET /api/users/me/ HTTP/1.1" 200 208
"GET /api/schedule/?day=1 HTTP/1.1" 200 894
"GET /api/users/ HTTP/1.1" 200 853
"GET /admin/courses/course/ HTTP/1.1" 200 18259
"GET /admin/jsi18n/ HTTP/1.1" 200 16066
"GET /admin/courses/course/3/change/ HTTP/1.1" 200 36005
"GET /admin/jsi18n/ HTTP/1.1" 200 16066
"GET /admin/autocomplete/?app_label=courses&model_name=course&field_name=aitmatov_theme HTTP/1.1" 200 160
"POST /admin/courses/course/3/change/ HTTP/1.1" 302 0
"GET /admin/courses/course/ HTTP/1.1" 200 18480
"GET /admin/jsi18n/ HTTP/1.1" 200 16066
"GET /admin/aitmatov/aitmatovtheme/ HTTP/1.1" 200 15254
"GET /admin/jsi18n/ HTTP/1.1" 200 16066
"GET /admin/aitmatov/aitmatovtheme/add/ HTTP/1.1" 200 16414
"GET /admin/jsi18n/ HTTP/1.1" 200 16066
"POST /admin/aitmatov/aitmatovtheme/add/ HTTP/1.1" 302 0
"GET /admin/aitmatov/aitmatovtheme/ HTTP/1.1" 200 15867
"GET /admin/jsi18n/ HTTP/1.1" 200 16066
"GET /api/aitmatov/themes/ HTTP/1.1" 200 1152
"GET /admin/schedule/dailyschedule/ HTTP/1.1" 200 21987
"GET /admin/jsi18n/ HTTP/1.1" 200 16066
"GET /admin/progress/progressitem/ HTTP/1.1" 200 15546
"GET /admin/jsi18n/ HTTP/1.1" 200 16066
"GET /admin/progress/progressitem/1/change/ HTTP/1.1" 200 19207
"GET /admin/jsi18n/ HTTP/1.1" 200 16066
"POST /admin/progress/progressitem/1/change/ HTTP/1.1" 302 0
"GET /admin/progress/progressitem/ HTTP/1.1" 200 15849
"GET /admin/jsi18n/ HTTP/1.1" 200 16066
"GET /api/subjects/ HTTP/1.1" 200 587
"GET /api/messenger/groups/ HTTP/1.1" 200 630
"GET /api/messenger/groups/ HTTP/1.1" 200 630
Bad Request: /api/messenger/groups/1/messages/
"POST /api/messenger/groups/1/messages/ HTTP/1.1" 400 121
"GET /api/users/me/ HTTP/1.1" 200 208
"GET /api/users/me/ HTTP/1.1" 200 208
"GET /api/users/ HTTP/1.1" 200 853
"GET /api/schedule/?day=1 HTTP/1.1" 200 894
"GET /api/users/ HTTP/1.1" 200 853
"GET /admin/courses/lesson/ HTTP/1.1" 200 17884
"GET /admin/jsi18n/ HTTP/1.1" 200 16066
"GET /admin/courses/lesson/add/ HTTP/1.1" 200 18644
"GET /admin/jsi18n/ HTTP/1.1" 200 16066
"POST /admin/courses/lesson/add/ HTTP/1.1" 302 0
"GET /admin/courses/lesson/ HTTP/1.1" 200 18749
"GET /admin/jsi18n/ HTTP/1.1" 200 16066
"GET /api/courses/ HTTP/1.1" 200 1030
"GET /api/courses/3/ HTTP/1.1" 200 4231
"GET /api/courses/3/lessons/ HTTP/1.1" 200 3441
"GET /api/courses/3/lessons/ HTTP/1.1" 200 3441
"GET /api/users/me/ HTTP/1.1" 200 208
"GET /api/users/me/ HTTP/1.1" 200 208
"GET /api/users/ HTTP/1.1" 200 853
"GET /api/users/me/ HTTP/1.1" 200 208
"GET /api/users/ HTTP/1.1" 200 853
"GET /api/schedule/?day=1 HTTP/1.1" 200 894
"GET /admin/courses/lesson/add/ HTTP/1.1" 200 18644
"GET /admin/jsi18n/ HTTP/1.1" 200 16066
"POST /admin/courses/lesson/add/ HTTP/1.1" 302 0
"GET /admin/courses/lesson/ HTTP/1.1" 200 19319
"GET /admin/jsi18n/ HTTP/1.1" 200 16066
"GET /api/courses/3/ HTTP/1.1" 200 5189
"GET /api/courses/3/lessons/ HTTP/1.1" 200 4399
"GET /admin/courses/lesson/5/change/ HTTP/1.1" 200 19898
"GET /admin/jsi18n/ HTTP/1.1" 200 16066
"GET /admin/courses/lesson/ HTTP/1.1" 200 19027
"GET /admin/courses/lesson/3/change/ HTTP/1.1" 200 21466
"GET /admin/jsi18n/ HTTP/1.1" 200 16066
"POST /admin/courses/lesson/3/change/ HTTP/1.1" 302 0
"GET /admin/courses/lesson/ HTTP/1.1" 200 19324
"GET /admin/jsi18n/ HTTP/1.1" 200 16066
"GET /api/courses/3/ HTTP/1.1" 200 5189
"GET /api/courses/3/lessons/ HTTP/1.1" 200 4399
"GET /api/courses/3/lessons/ HTTP/1.1" 200 4399
"GET /api/courses/3/lessons/ HTTP/1.1" 200 4399
"GET /api/courses/3/lessons/ HTTP/1.1" 200 4399
"GET /admin/courses/course/ HTTP/1.1" 200 18259
"GET /admin/jsi18n/ HTTP/1.1" 200 16066
"GET /admin/courses/course/3/change/ HTTP/1.1" 200 42827
"GET /admin/jsi18n/ HTTP/1.1" 200 16066
"GET /api/users/me/ HTTP/1.1" 200 208
"GET /admin/courses/course/ HTTP/1.1" 200 18259
"GET /api/users/me/ HTTP/1.1" 200 208
"GET /api/users/me/ HTTP/1.1" 200 208
"GET /api/users/me/ HTTP/1.1" 200 208
"GET /api/courses/ HTTP/1.1" 200 1030
"GET /api/users/me/ HTTP/1.1" 200 208
"GET /api/users/me/ HTTP/1.1" 200 208
"GET /api/users/me/ HTTP/1.1" 200 208
"GET /api/users/me/ HTTP/1.1" 200 208
"GET /api/courses/ HTTP/1.1" 200 1030
"GET /api/aitmatov/themes/ HTTP/1.1" 200 1152
"GET /api/messenger/groups/ HTTP/1.1" 200 630
"GET /admin/auth/group/ HTTP/1.1" 200 12504
"GET /admin/jsi18n/ HTTP/1.1" 200 16066
"GET /admin/subjects/subject/ HTTP/1.1" 200 16968
"GET /admin/jsi18n/ HTTP/1.1" 200 16066
"GET /admin/subjects/subject/add/ HTTP/1.1" 200 16480
"GET /admin/jsi18n/ HTTP/1.1" 200 16066
"POST /admin/subjects/subject/add/ HTTP/1.1" 302 0
"GET /admin/subjects/subject/ HTTP/1.1" 200 17558
"GET /admin/jsi18n/ HTTP/1.1" 200 16066
"GET /admin/subjects/subject/add/ HTTP/1.1" 200 16480
"GET /admin/jsi18n/ HTTP/1.1" 200 16066
"POST /admin/subjects/subject/add/ HTTP/1.1" 302 0
"GET /admin/subjects/subject/ HTTP/1.1" 200 17934
"GET /admin/jsi18n/ HTTP/1.1" 200 16066
"GET /api/subjects/ HTTP/1.1" 200 768
"GET /api/courses/ HTTP/1.1" 200 1030
"GET /api/courses/ HTTP/1.1" 200 1030
"GET /api/aitmatov/themes/ HTTP/1.1" 200 1152
"POST /api/auth/login/ HTTP/1.1" 200 489
"GET /api/users/me/ HTTP/1.1" 200 208
"GET /api/users/me/ HTTP/1.1" 200 208
"GET /api/users/me/ HTTP/1.1" 200 208
"GET /api/users/ HTTP/1.1" 200 853
"GET /api/users/ HTTP/1.1" 200 853
"GET /api/users/me/ HTTP/1.1" 200 208
"GET /api/schedule/?day=1 HTTP/1.1" 200 894
"GET /api/schedule/?day=2 HTTP/1.1" 200 896
"GET /api/schedule/?day=3 HTTP/1.1" 200 587
"GET /api/schedule/?day=2 HTTP/1.1" 200 896
"GET /api/schedule/?day=1 HTTP/1.1" 200 894
"GET /api/users/me/ HTTP/1.1" 200 208
"GET /api/users/me/ HTTP/1.1" 200 208
"GET /api/users/me/ HTTP/1.1" 200 208
"GET /api/users/me/ HTTP/1.1" 200 208
"GET /api/courses/ HTTP/1.1" 200 1030
"GET /api/schedule/?day=2 HTTP/1.1" 200 896
"GET /api/schedule/?day=1 HTTP/1.1" 200 894
"POST /api/schedule/ HTTP/1.1" 201 299
"GET /api/schedule/?day=1 HTTP/1.1" 200 1194
"GET /api/schedule/?day=1 HTTP/1.1" 200 1194
"DELETE /api/schedule/10/ HTTP/1.1" 204 0
"GET /api/schedule/?day=1 HTTP/1.1" 200 894
"GET /api/schedule/?day=1 HTTP/1.1" 200 894
"GET /api/courses/ HTTP/1.1" 200 1030
"GET /api/courses/3/ HTTP/1.1" 200 5189
"GET /api/courses/3/lessons/ HTTP/1.1" 200 4399
"GET /api/courses/3/lessons/ HTTP/1.1" 200 4399
"POST /api/schedule/ HTTP/1.1" 201 291
"GET /api/schedule/?day=1 HTTP/1.1" 200 1186
"GET /api/users/me/ HTTP/1.1" 200 208
"GET /api/users/me/ HTTP/1.1" 200 208
"GET /api/users/me/ HTTP/1.1" 200 208
"GET /api/users/me/ HTTP/1.1" 200 208
"GET /api/courses/ HTTP/1.1" 200 1030
"GET /api/schedule/?day=1 HTTP/1.1" 200 1186
Watching for file changes with StatReloader
Not Found: /
"GET / HTTP/1.1" 404 4469
Not Found: /favicon.ico
"GET /favicon.ico HTTP/1.1" 404 4520
"GET /admin/subjects/subject/ HTTP/1.1" 200 17705
"GET /admin/jsi18n/ HTTP/1.1" 200 16066
"GET /api/users/me/ HTTP/1.1" 200 219
"GET /api/subjects/ HTTP/1.1" 200 768
"GET /api/users/me/ HTTP/1.1" 200 219
"GET /api/schedule/?day=1 HTTP/1.1" 200 1186
"GET /api/messenger/groups/ HTTP/1.1" 200 630
"GET /api/aitmatov/themes/ HTTP/1.1" 200 1152
Not Found: /v1/api/show
Not Found: /v1/api/show
Not Found: /v1/api/show
Not Found: /v1/api/show
"POST /v1/api/show HTTP/1.1" 404 4521
"POST /v1/api/show HTTP/1.1" 404 4521
"POST /v1/api/show HTTP/1.1" 404 4521
"POST /v1/api/show HTTP/1.1" 404 4521
Not Found: /v1/api/show
Not Found: /v1/api/show
Not Found: /v1/api/show
Not Found: /v1/api/show
"POST /v1/api/show HTTP/1.1" 404 4521
"POST /v1/api/show HTTP/1.1" 404 4521
"POST /v1/api/show HTTP/1.1" 404 4521
"POST /v1/api/show HTTP/1.1" 404 4521
Not Found: /v1/api/show
Not Found: /v1/api/show
Not Found: /v1/api/show
Not Found: /v1/api/show
"POST /v1/api/show HTTP/1.1" 404 4521
"POST /v1/api/show HTTP/1.1" 404 4521
"POST /v1/api/show HTTP/1.1" 404 4521
"POST /v1/api/show HTTP/1.1" 404 4521
Watching for file changes with StatReloader
"GET /api/users/me/ HTTP/1.1" 200 219
"GET /api/subjects/ HTTP/1.1" 200 768
"GET /api/users/me/ HTTP/1.1" 200 219
"GET /api/schedule/?day=1 HTTP/1.1" 200 1186
"GET /api/messenger/groups/ HTTP/1.1" 200 630
"GET /api/subjects/ HTTP/1.1" 200 768
"GET /api/aitmatov/themes/ HTTP/1.1" 200 1152
Not Found: /
"GET / HTTP/1.1" 404 4477
"GET /admin HTTP/1.1" 301 0
"GET /admin/ HTTP/1.1" 200 15531
"GET /api/messenger/groups/ HTTP/1.1" 200 630
"GET /api/users/me/ HTTP/1.1" 200 219
"GET /admin/subjects/subject/ HTTP/1.1" 200 17705
"GET /admin/jsi18n/ HTTP/1.1" 200 16066
"GET /api/schedule/?day=1 HTTP/1.1" 200 1186
"GET /api/schedule/?day=2 HTTP/1.1" 200 896
"GET /api/schedule/?day=3 HTTP/1.1" 200 587
"GET /api/schedule/?day=4 HTTP/1.1" 200 52
"GET /api/schedule/?day=1 HTTP/1.1" 200 1186
"GET /api/courses/ HTTP/1.1" 200 1030
"GET /api/swagger HTTP/1.1" 301 0
"GET /api/swagger/ HTTP/1.1" 200 4653
"GET /api/schema/ HTTP/1.1" 200 173899
"POST /api/auth/login/ HTTP/1.1" 200 489
"GET /api/users/me/ HTTP/1.1" 200 208
"GET /api/users/me/ HTTP/1.1" 200 208
"GET /api/users/me/ HTTP/1.1" 200 208
"GET /api/users/ HTTP/1.1" 200 853
"GET /api/schedule/?day=1 HTTP/1.1" 200 1186
"GET /api/users/ HTTP/1.1" 200 853
"GET /api/users/me/ HTTP/1.1" 200 208
"GET /api/schedule/?day=7 HTTP/1.1" 200 52
"GET /api/schedule/?day=6 HTTP/1.1" 200 52
"GET /api/schedule/?day=5 HTTP/1.1" 200 52
"GET /api/schedule/?day=4 HTTP/1.1" 200 52
"GET /api/schedule/?day=3 HTTP/1.1" 200 587
"GET /api/schedule/?day=2 HTTP/1.1" 200 896
"GET /api/schedule/?day=1 HTTP/1.1" 200 1186
"POST /api/auth/login/ HTTP/1.1" 200 489
"GET /api/users/me/ HTTP/1.1" 200 208
"GET /api/users/me/ HTTP/1.1" 200 208
"GET /api/users/me/ HTTP/1.1" 200 208
"GET /api/users/me/ HTTP/1.1" 200 208
"GET /api/users/me/ HTTP/1.1" 200 208
"GET /api/courses/ HTTP/1.1" 200 1030
"GET /api/swagger/ HTTP/1.1" 200 4653
"GET /api/swagger/ HTTP/1.1" 200 4653
"GET /api/schema/ HTTP/1.1" 200 173899
"GET /api/schema/ HTTP/1.1" 200 80009
Watching for file changes with StatReloader
Not Found: /v1/api/show
Not Found: /v1/api/show
"POST /v1/api/show HTTP/1.1" 404 4521
"POST /v1/api/show HTTP/1.1" 404 4521
Not Found: /v1/api/show
Not Found: /v1/api/show
"POST /v1/api/show HTTP/1.1" 404 4521
"POST /v1/api/show HTTP/1.1" 404 4521
Not Found: /v1/api/show
Not Found: /v1/api/show
Not Found: /v1/api/show
Not Found: /v1/api/show
"POST /v1/api/show HTTP/1.1" 404 4521
"POST /v1/api/show HTTP/1.1" 404 4521
"POST /v1/api/show HTTP/1.1" 404 4521
"POST /v1/api/show HTTP/1.1" 404 4521
Not Found: /v1/api/show
Not Found: /v1/api/show
Not Found: /v1/api/show
"POST /v1/api/show HTTP/1.1" 404 4521
Not Found: /v1/api/show
"POST /v1/api/show HTTP/1.1" 404 4521
"POST /v1/api/show HTTP/1.1" 404 4521
"POST /v1/api/show HTTP/1.1" 404 4521
Not Found: /v1/api/show
Not Found: /v1/api/show
Not Found: /v1/api/show
Not Found: /v1/api/show
"POST /v1/api/show HTTP/1.1" 404 4521
"POST /v1/api/show HTTP/1.1" 404 4521
"POST /v1/api/show HTTP/1.1" 404 4521
"POST /v1/api/show HTTP/1.1" 404 4521
Unauthorized: /api/users/me/
"GET /api/users/me/ HTTP/1.1" 401 451
Unauthorized: /api/subjects/
Unauthorized: /api/messenger/groups/
Unauthorized: /api/users/me/
"GET /api/messenger/groups/ HTTP/1.1" 401 451
"GET /api/subjects/ HTTP/1.1" 401 451
Unauthorized: /api/schedule/
"GET /api/users/me/ HTTP/1.1" 401 451
"GET /api/schedule/?day=1 HTTP/1.1" 401 451
Unauthorized: /api/subjects/
"GET /api/subjects/ HTTP/1.1" 401 451
Unauthorized: /api/subjects/
"GET /api/subjects/ HTTP/1.1" 401 451
Unauthorized: /api/subjects/
"GET /api/subjects/ HTTP/1.1" 401 451
Unauthorized: /api/subjects/
"GET /api/subjects/ HTTP/1.1" 401 451
Unauthorized: /api/subjects/
"GET /api/subjects/ HTTP/1.1" 401 451
Unauthorized: /api/subjects/
"GET /api/subjects/ HTTP/1.1" 401 451
Unauthorized: /api/subjects/
"GET /api/subjects/ HTTP/1.1" 401 451
Unauthorized: /api/subjects/
"GET /api/subjects/ HTTP/1.1" 401 451
Unauthorized: /api/subjects/
"GET /api/subjects/ HTTP/1.1" 401 451
Unauthorized: /api/subjects/
"GET /api/subjects/ HTTP/1.1" 401 451
Unauthorized: /api/subjects/
"GET /api/subjects/ HTTP/1.1" 401 451
Unauthorized: /api/users/me/
"GET /api/users/me/ HTTP/1.1" 401 451
Unauthorized: /api/subjects/
"GET /api/subjects/ HTTP/1.1" 401 451
Unauthorized: /api/users/me/
Unauthorized: /api/messenger/groups/
Unauthorized: /api/schedule/
"GET /api/messenger/groups/ HTTP/1.1" 401 451
"GET /api/users/me/ HTTP/1.1" 401 451
"GET /api/schedule/?day=1 HTTP/1.1" 401 451
Unauthorized: /api/subjects/
"GET /api/subjects/ HTTP/1.1" 401 451
Not Found: /
"GET / HTTP/1.1" 404 4477
Not Found: /favicon.ico
"GET /favicon.ico HTTP/1.1" 404 4528
Not Found: /v1/api/show
Not Found: /v1/api/show
"POST /v1/api/show HTTP/1.1" 404 4521
Not Found: /v1/api/show
Not Found: /v1/api/show
"POST /v1/api/show HTTP/1.1" 404 4521
"POST /v1/api/show HTTP/1.1" 404 4521
"POST /v1/api/show HTTP/1.1" 404 4521
Unauthorized: /api/subjects/
"GET /api/subjects/ HTTP/1.1" 401 451
Unauthorized: /api/users/me/
"GET /api/users/me/ HTTP/1.1" 401 451
Unauthorized: /api/subjects/
"GET /api/subjects/ HTTP/1.1" 401 451
Unauthorized: /api/users/me/
Unauthorized: /api/messenger/groups/
Unauthorized: /api/schedule/
"GET /api/users/me/ HTTP/1.1" 401 451
"GET /api/messenger/groups/ HTTP/1.1" 401 451
"GET /api/schedule/?day=1 HTTP/1.1" 401 451
Unauthorized: /api/subjects/
"GET /api/subjects/ HTTP/1.1" 401 451
Unauthorized: /api/subjects/
"GET /api/subjects/ HTTP/1.1" 401 451
Unauthorized: /api/subjects/
"GET /api/subjects/ HTTP/1.1" 401 451
Unauthorized: /api/subjects/
"GET /api/subjects/ HTTP/1.1" 401 451
Unauthorized: /api/subjects/
"GET /api/subjects/ HTTP/1.1" 401 451
Unauthorized: /api/subjects/
"GET /api/subjects/ HTTP/1.1" 401 451
Unauthorized: /api/subjects/
"GET /api/subjects/ HTTP/1.1" 401 451
Unauthorized: /api/subjects/
"GET /api/subjects/ HTTP/1.1" 401 451
Unauthorized: /api/subjects/
"GET /api/subjects/ HTTP/1.1" 401 451
"GET /api/users/me/ HTTP/1.1" 200 208
"GET /api/users/me/ HTTP/1.1" 200 208
"GET /api/users/me/ HTTP/1.1" 200 208
"GET /api/users/me/ HTTP/1.1" 200 208
"GET /api/courses/ HTTP/1.1" 200 1030
Unauthorized: /api/users/me/
"GET /api/users/me/ HTTP/1.1" 401 451
Unauthorized: /api/subjects/
Unauthorized: /api/schedule/
Unauthorized: /api/messenger/groups/
"GET /api/subjects/ HTTP/1.1" 401 451
Unauthorized: /api/users/me/
"GET /api/schedule/?day=1 HTTP/1.1" 401 451
"GET /api/messenger/groups/ HTTP/1.1" 401 451
"GET /api/users/me/ HTTP/1.1" 401 451
Unauthorized: /api/subjects/
"GET /api/subjects/ HTTP/1.1" 401 451
Unauthorized: /api/auth/login/
"POST /api/auth/login/ HTTP/1.1" 401 164
"POST /api/auth/login/ HTTP/1.1" 200 489
"GET /api/users/me/ HTTP/1.1" 200 219
"GET /api/users/me/ HTTP/1.1" 200 219
"GET /api/subjects/ HTTP/1.1" 200 768
"GET /api/users/me/ HTTP/1.1" 200 219
"GET /api/schedule/?day=1 HTTP/1.1" 200 1186
"GET /api/messenger/groups/ HTTP/1.1" 200 630
"GET /api/courses/ HTTP/1.1" 200 1030
"GET /api/courses/3/ HTTP/1.1" 200 5189
"GET /api/courses/3/lessons/ HTTP/1.1" 200 4399
Unauthorized: /api/subjects/
"GET /api/subjects/ HTTP/1.1" 401 451
Unauthorized: /api/subjects/
"GET /api/subjects/ HTTP/1.1" 401 451
Unauthorized: /api/subjects/
"GET /api/subjects/ HTTP/1.1" 401 451
Not Found: /api/
"GET /api/ HTTP/1.1" 404 4763
code 400, message Bad request version ('À')
You're accessing the development server over HTTPS, but it only supports HTTP.
Not Found: /favicon.ico
"HEAD /favicon.ico HTTP/1.1" 404 0
Not Found: /
"GET / HTTP/1.1" 404 4490
Not Found: /favicon.ico
"GET /favicon.ico HTTP/1.1" 404 4541
Not Found: /api/
"GET /api/ HTTP/1.1" 404 4763
"GET /api/users HTTP/1.1" 301 0
Unauthorized: /api/users/
"GET /api/users/ HTTP/1.1" 401 5224
Unauthorized: /api/users/me/
"GET /api/users/me/ HTTP/1.1" 401 451
Unauthorized: /api/subjects/
"GET /api/subjects/ HTTP/1.1" 401 451
Unauthorized: /api/schedule/
"GET /api/schedule/?day=1 HTTP/1.1" 401 451
Unauthorized: /api/users/me/
Unauthorized: /api/messenger/groups/
"GET /api/users/me/ HTTP/1.1" 401 451
"GET /api/messenger/groups/ HTTP/1.1" 401 451
Unauthorized: /api/subjects/
"GET /api/subjects/ HTTP/1.1" 401 451
"GET /admin HTTP/1.1" 301 0
"GET /admin/ HTTP/1.1" 200 15531
"GET /admin/users/user/ HTTP/1.1" 200 18010
"GET /admin/jsi18n/ HTTP/1.1" 200 16066
Unauthorized: /api/users/me/
"GET /api/users/me/ HTTP/1.1" 401 451
Unauthorized: /api/subjects/
"GET /api/subjects/ HTTP/1.1" 401 451
Unauthorized: /api/users/me/
"GET /api/users/me/ HTTP/1.1" 401 451
Unauthorized: /api/messenger/groups/
"GET /api/messenger/groups/ HTTP/1.1" 401 451
Unauthorized: /api/schedule/
"GET /api/schedule/?day=1 HTTP/1.1" 401 451
Unauthorized: /api/users/me/
"GET /api/users/me/ HTTP/1.1" 401 451
Unauthorized: /api/subjects/
"GET /api/subjects/ HTTP/1.1" 401 451
Unauthorized: /api/users/me/
"GET /api/users/me/ HTTP/1.1" 401 451
Unauthorized: /api/schedule/
"GET /api/schedule/?day=1 HTTP/1.1" 401 451
Unauthorized: /api/messenger/groups/
"GET /api/messenger/groups/ HTTP/1.1" 401 451
Unauthorized: /api/subjects/
"GET /api/subjects/ HTTP/1.1" 401 451
"POST /api/auth/login/ HTTP/1.1" 200 489
"GET /api/users/me/ HTTP/1.1" 200 219
"GET /api/users/me/ HTTP/1.1" 200 219
"GET /api/subjects/ HTTP/1.1" 200 768
"GET /api/schedule/?day=1 HTTP/1.1" 200 1186
"GET /api/users/me/ HTTP/1.1" 200 219
"GET /api/messenger/groups/ HTTP/1.1" 200 630
"GET /api/subjects/ HTTP/1.1" 200 768
"GET /api/courses/ HTTP/1.1" 200 1030
"GET /api/courses/1/ HTTP/1.1" 200 938
"GET /api/courses/1/lessons/ HTTP/1.1" 200 569
"GET /api/courses/1/lessons/ HTTP/1.1" 200 569
"GET /api/aitmatov/themes/ HTTP/1.1" 200 1152
"GET /api/courses/?aitmatov_theme=1 HTTP/1.1" 200 418
"GET /api/courses/3/ HTTP/1.1" 200 5189
"GET /api/courses/3/lessons/ HTTP/1.1" 200 4399
"GET /admin/users/user/add/ HTTP/1.1" 200 18062
"GET /admin/jsi18n/ HTTP/1.1" 200 16066
"POST /admin/users/user/add/ HTTP/1.1" 302 0
"GET /admin/users/user/4/change/ HTTP/1.1" 200 31306
"GET /admin/jsi18n/ HTTP/1.1" 200 16066
"GET /admin/users/user/4/history/ HTTP/1.1" 200 11563
"GET /admin/users/user/4/change/ HTTP/1.1" 200 30974
"POST /admin/users/user/4/change/ HTTP/1.1" 302 0
"GET /admin/users/user/ HTTP/1.1" 200 18835
"GET /admin/jsi18n/ HTTP/1.1" 200 16066
"GET /admin/users/user/4/change/ HTTP/1.1" 200 31002
"GET /admin/users/user/ HTTP/1.1" 200 18572
"GET /api/users/me/ HTTP/1.1" 200 219
"GET /api/subjects/ HTTP/1.1" 200 768
"GET /api/schedule/?day=1 HTTP/1.1" 200 1186
"GET /api/users/me/ HTTP/1.1" 200 219
"GET /api/messenger/groups/ HTTP/1.1" 200 630
"GET /api/courses/ HTTP/1.1" 200 1030
"GET /api/courses/ HTTP/1.1" 200 1030
"GET /api/users/me/ HTTP/1.1" 200 219
"GET /api/subjects/ HTTP/1.1" 200 768
"GET /api/users/me/ HTTP/1.1" 200 219
"GET /api/schedule/?day=1 HTTP/1.1" 200 1186
"GET /api/messenger/groups/ HTTP/1.1" 200 630
"GET /api/users/me/ HTTP/1.1" 200 219
"GET /api/subjects/ HTTP/1.1" 200 768
"GET /api/users/me/ HTTP/1.1" 200 219
"GET /api/schedule/?day=1 HTTP/1.1" 200 1186
"GET /api/messenger/groups/ HTTP/1.1" 200 630
"GET /api/users/me/ HTTP/1.1" 200 219
"GET /api/subjects/ HTTP/1.1" 200 768
"GET /api/users/me/ HTTP/1.1" 200 219
"GET /api/schedule/?day=1 HTTP/1.1" 200 1186
"GET /api/messenger/groups/ HTTP/1.1" 200 630
"GET /api/aitmatov/themes/ HTTP/1.1" 200 1152
"GET /api/users/me/ HTTP/1.1" 200 219
"GET /api/subjects/ HTTP/1.1" 200 768
"GET /api/users/me/ HTTP/1.1" 200 219
"GET /api/schedule/?day=1 HTTP/1.1" 200 1186
"GET /api/messenger/groups/ HTTP/1.1" 200 630
"GET /api/schedule/?day=2 HTTP/1.1" 200 896
"GET /api/schedule/?day=1 HTTP/1.1" 200 1186
"GET /api/schedule/?day=2 HTTP/1.1" 200 896
"GET /api/schedule/?day=3 HTTP/1.1" 200 587
"GET /api/schedule/?day=4 HTTP/1.1" 200 52
"GET /api/schedule/?day=5 HTTP/1.1" 200 52
"GET /api/schedule/?day=4 HTTP/1.1" 200 52
"GET /api/schedule/?day=3 HTTP/1.1" 200 587
"GET /api/schedule/?day=2 HTTP/1.1" 200 896
"GET /api/schedule/?day=3 HTTP/1.1" 200 587
"GET /api/schedule/?day=2 HTTP/1.1" 200 896
"GET /api/schedule/?day=1 HTTP/1.1" 200 1186
"GET /api/users/me/ HTTP/1.1" 200 219
"GET /api/subjects/ HTTP/1.1" 200 768
"GET /api/schedule/?day=1 HTTP/1.1" 200 1186
"GET /api/users/me/ HTTP/1.1" 200 219
"GET /api/messenger/groups/ HTTP/1.1" 200 630
"GET /api/messenger/groups/ HTTP/1.1" 200 630
Watching for file changes with StatReloader
"GET /api/users/me/ HTTP/1.1" 200 219
"GET /api/subjects/ HTTP/1.1" 200 768
"GET /api/schedule/?day=1 HTTP/1.1" 200 1186
"GET /api/users/me/ HTTP/1.1" 200 219
"GET /api/messenger/groups/ HTTP/1.1" 200 630
"GET /api/courses/ HTTP/1.1" 200 1030
"GET /api/courses/1/ HTTP/1.1" 200 938
"GET /api/courses/1/lessons/ HTTP/1.1" 200 569
"GET /api/courses/1/lessons/ HTTP/1.1" 200 569
"GET /api/courses/1/lessons/ HTTP/1.1" 200 569
"GET /api/courses/1/lessons/ HTTP/1.1" 200 569
"GET /api/courses/1/ HTTP/1.1" 200 938
"GET /api/courses/1/lessons/ HTTP/1.1" 200 569
"GET /api/courses/ HTTP/1.1" 200 1030
"GET /api/courses/3/ HTTP/1.1" 200 5189
"GET /api/courses/3/lessons/ HTTP/1.1" 200 4399
"GET /api/courses/3/lessons/ HTTP/1.1" 200 4399
"POST /api/progress/ HTTP/1.1" 201 53
"GET /api/schedule/?day=2 HTTP/1.1" 200 896
"GET /api/schedule/?day=3 HTTP/1.1" 200 587
"GET /api/schedule/?day=4 HTTP/1.1" 200 52
"GET /api/schedule/?day=5 HTTP/1.1" 200 52
"GET /api/schedule/?day=6 HTTP/1.1" 200 52
"GET /api/schedule/?day=7 HTTP/1.1" 200 52
"GET /api/schedule/?day=1 HTTP/1.1" 200 1186
Not Found: /v1/api/show
Not Found: /v1/api/show
"POST /v1/api/show HTTP/1.1" 404 4521
Not Found: /v1/api/show
"POST /v1/api/show HTTP/1.1" 404 4521
Not Found: /v1/api/show
"POST /v1/api/show HTTP/1.1" 404 4521
"POST /v1/api/show HTTP/1.1" 404 4521
"GET /api/users/me/ HTTP/1.1" 200 219
"GET /api/subjects/ HTTP/1.1" 200 768
"GET /api/messenger/groups/ HTTP/1.1" 200 630
"GET /api/users/me/ HTTP/1.1" 200 219
"GET /api/schedule/?day=1 HTTP/1.1" 200 1186
"GET /api/subjects/ HTTP/1.1" 200 768
"GET /api/schedule/?day=3 HTTP/1.1" 200 587
"GET /api/schedule/?day=2 HTTP/1.1" 200 896
"GET /api/schedule/?day=3 HTTP/1.1" 200 587
Not Found: /
"GET / HTTP/1.1" 404 4477
"GET /admin/ HTTP/1.1" 200 15459
"GET /admin/subjects/subject/ HTTP/1.1" 200 17705
"GET /admin/jsi18n/ HTTP/1.1" 200 16066
"GET /admin/subjects/subject/add/ HTTP/1.1" 200 16480
"GET /admin/jsi18n/ HTTP/1.1" 200 16066
"POST /admin/subjects/subject/add/ HTTP/1.1" 302 0
"GET /admin/subjects/subject/ HTTP/1.1" 200 18310
"GET /admin/jsi18n/ HTTP/1.1" 200 16066
"GET /admin/subjects/subject/add/ HTTP/1.1" 200 16480
"GET /admin/jsi18n/ HTTP/1.1" 200 16066
"POST /admin/subjects/subject/add/ HTTP/1.1" 302 0
"GET /admin/subjects/subject/ HTTP/1.1" 200 18685
"GET /admin/jsi18n/ HTTP/1.1" 200 16066
"GET /api/subjects/ HTTP/1.1" 200 959
"GET /admin/subjects/subject/add/ HTTP/1.1" 200 16480
"GET /admin/jsi18n/ HTTP/1.1" 200 16066
"POST /admin/subjects/subject/add/ HTTP/1.1" 302 0
"GET /admin/subjects/subject/ HTTP/1.1" 200 19063
"GET /admin/jsi18n/ HTTP/1.1" 200 16066
"GET /admin/subjects/subject/add/ HTTP/1.1" 200 16480
"GET /admin/jsi18n/ HTTP/1.1" 200 16066
"POST /admin/subjects/subject/add/ HTTP/1.1" 302 0
"GET /admin/subjects/subject/ HTTP/1.1" 200 19444
"GET /admin/jsi18n/ HTTP/1.1" 200 16066
"GET /api/subjects/ HTTP/1.1" 200 1156
"GET /admin/messenger/chatgroup/ HTTP/1.1" 200 14720
"GET /admin/jsi18n/ HTTP/1.1" 200 16066
"GET /admin/messenger/groupmembership/ HTTP/1.1" 200 16190
"GET /admin/jsi18n/ HTTP/1.1" 200 16066
"GET /admin/messenger/groupmembership/3/change/ HTTP/1.1" 200 17360
"GET /admin/jsi18n/ HTTP/1.1" 200 16066
"POST /admin/messenger/groupmembership/3/change/ HTTP/1.1" 302 0
"GET /admin/messenger/groupmembership/ HTTP/1.1" 200 16493
"GET /admin/jsi18n/ HTTP/1.1" 200 16066
"GET /admin/messenger/message/ HTTP/1.1" 200 15593
"GET /admin/jsi18n/ HTTP/1.1" 200 16066
"GET /admin/messenger/chatgroup/ HTTP/1.1" 200 14720
"GET /admin/jsi18n/ HTTP/1.1" 200 16066
"GET /admin/messenger/chatgroup/1/change/ HTTP/1.1" 200 17184
"GET /admin/jsi18n/ HTTP/1.1" 200 16066
"POST /admin/messenger/chatgroup/1/change/ HTTP/1.1" 302 0
"GET /admin/messenger/chatgroup/ HTTP/1.1" 200 14986
"GET /admin/jsi18n/ HTTP/1.1" 200 16066
"GET /admin/messenger/chatgroup/add/ HTTP/1.1" 200 16744
"GET /admin/jsi18n/ HTTP/1.1" 200 16066
"POST /admin/messenger/chatgroup/add/ HTTP/1.1" 302 0
"GET /admin/messenger/chatgroup/ HTTP/1.1" 200 15411
"GET /admin/jsi18n/ HTTP/1.1" 200 16066
"GET /admin/messenger/chatgroup/2/change/ HTTP/1.1" 200 16984
"GET /admin/jsi18n/ HTTP/1.1" 200 16066
"POST /admin/messenger/chatgroup/2/change/ HTTP/1.1" 302 0
"GET /admin/messenger/chatgroup/ HTTP/1.1" 200 15415
"GET /admin/jsi18n/ HTTP/1.1" 200 16066
"GET /admin/messenger/chatgroup/add/ HTTP/1.1" 200 16744
"GET /admin/jsi18n/ HTTP/1.1" 200 16066
"POST /admin/messenger/chatgroup/add/ HTTP/1.1" 302 0
"GET /admin/messenger/chatgroup/ HTTP/1.1" 200 15874
"GET /admin/jsi18n/ HTTP/1.1" 200 16066
"GET /admin/messenger/chatgroup/add/ HTTP/1.1" 200 16744
"GET /admin/jsi18n/ HTTP/1.1" 200 16066
"POST /admin/messenger/chatgroup/add/ HTTP/1.1" 302 0
"GET /admin/messenger/chatgroup/ HTTP/1.1" 200 16333
"GET /admin/jsi18n/ HTTP/1.1" 200 16066
"GET /api/users/me/ HTTP/1.1" 200 219
"GET /api/subjects/ HTTP/1.1" 200 1156
"GET /api/schedule/?day=1 HTTP/1.1" 200 1186
"GET /api/users/me/ HTTP/1.1" 200 219
"GET /api/messenger/groups/ HTTP/1.1" 200 626
"GET /api/swagger/ HTTP/1.1" 200 4653
"GET /api/schema/ HTTP/1.1" 200 173899
Not Found: /v1/api/show
Not Found: /v1/api/show
Not Found: /v1/api/show
Not Found: /v1/api/show
"POST /v1/api/show HTTP/1.1" 404 4521
"POST /v1/api/show HTTP/1.1" 404 4521
"POST /v1/api/show HTTP/1.1" 404 4521
"POST /v1/api/show HTTP/1.1" 404 4521
"GET /admin/messenger/groupmembership/ HTTP/1.1" 200 16190
"GET /admin/jsi18n/ HTTP/1.1" 200 16066
"GET /admin/messenger/groupmembership/add/ HTTP/1.1" 200 17086
"GET /admin/jsi18n/ HTTP/1.1" 200 16066
"POST /admin/messenger/groupmembership/add/ HTTP/1.1" 302 0
"GET /admin/messenger/groupmembership/ HTTP/1.1" 200 16944
"GET /admin/jsi18n/ HTTP/1.1" 200 16066
"GET /admin/messenger/groupmembership/add/ HTTP/1.1" 200 17086
"GET /admin/jsi18n/ HTTP/1.1" 200 16066
"POST /admin/messenger/groupmembership/add/ HTTP/1.1" 302 0
"GET /admin/messenger/groupmembership/ HTTP/1.1" 200 17444
"GET /admin/jsi18n/ HTTP/1.1" 200 16066
"GET /admin/messenger/groupmembership/add/ HTTP/1.1" 200 17086
"GET /admin/jsi18n/ HTTP/1.1" 200 16066
"POST /admin/messenger/groupmembership/add/ HTTP/1.1" 302 0
"GET /admin/messenger/groupmembership/ HTTP/1.1" 200 17890
"GET /admin/jsi18n/ HTTP/1.1" 200 16066
"GET /admin/messenger/groupmembership/add/ HTTP/1.1" 200 17086
"GET /admin/jsi18n/ HTTP/1.1" 200 16066
"POST /admin/messenger/groupmembership/add/ HTTP/1.1" 302 0
"GET /admin/messenger/groupmembership/ HTTP/1.1" 200 18357
"GET /admin/jsi18n/ HTTP/1.1" 200 16066
"GET /admin/messenger/groupmembership/add/ HTTP/1.1" 200 17086
"GET /admin/jsi18n/ HTTP/1.1" 200 16066
"POST /admin/messenger/groupmembership/add/ HTTP/1.1" 302 0
"GET /admin/messenger/groupmembership/ HTTP/1.1" 200 18822
"GET /admin/jsi18n/ HTTP/1.1" 200 16066
"GET /admin/messenger/groupmembership/add/ HTTP/1.1" 200 17086
"GET /admin/jsi18n/ HTTP/1.1" 200 16066
/app/messenger/models.py changed, reloading.
Watching for file changes with StatReloader
/app/messenger/models.py changed, reloading.
Watching for file changes with StatReloader
/app/messenger/models.py changed, reloading.
Watching for file changes with StatReloader
/app/messenger/models.py changed, reloading.
Watching for file changes with StatReloader
/app/messenger/serializers.py changed, reloading.
Watching for file changes with StatReloader
/app/messenger/views.py changed, reloading.
Watching for file changes with StatReloader
/app/messenger/urls.py changed, reloading.
Watching for file changes with StatReloader
Internal Server Error: /admin/messenger/groupmembership/
Traceback (most recent call last):
  File "/usr/local/lib/python3.11/site-packages/django/db/backends/utils.py", line 89, in _execute
    return self.cursor.execute(sql, params)
           ^^^^^^^^^^^^^^^^^^^^^^^^^^^^^^^^
psycopg2.errors.UndefinedColumn: column messenger_chatgroup.admin_id does not exist
LINE 1: ..._private", "messenger_chatgroup"."created_by_id", "messenger...
                                                             ^


The above exception was the direct cause of the following exception:

Traceback (most recent call last):
  File "/usr/local/lib/python3.11/site-packages/django/core/handlers/exception.py", line 55, in inner
    response = get_response(request)
               ^^^^^^^^^^^^^^^^^^^^^
  File "/usr/local/lib/python3.11/site-packages/django/core/handlers/base.py", line 197, in _get_response
    response = wrapped_callback(request, *callback_args, **callback_kwargs)
               ^^^^^^^^^^^^^^^^^^^^^^^^^^^^^^^^^^^^^^^^^^^^^^^^^^^^^^^^^^^^
  File "/usr/local/lib/python3.11/site-packages/django/contrib/admin/options.py", line 689, in wrapper
    return self.admin_site.admin_view(view)(*args, **kwargs)
           ^^^^^^^^^^^^^^^^^^^^^^^^^^^^^^^^^^^^^^^^^^^^^^^^^
  File "/usr/local/lib/python3.11/site-packages/django/utils/decorators.py", line 134, in _wrapper_view
    response = view_func(request, *args, **kwargs)
               ^^^^^^^^^^^^^^^^^^^^^^^^^^^^^^^^^^^
  File "/usr/local/lib/python3.11/site-packages/django/views/decorators/cache.py", line 62, in _wrapper_view_func
    response = view_func(request, *args, **kwargs)
               ^^^^^^^^^^^^^^^^^^^^^^^^^^^^^^^^^^^
  File "/usr/local/lib/python3.11/site-packages/django/contrib/admin/sites.py", line 242, in inner
    return view(request, *args, **kwargs)
           ^^^^^^^^^^^^^^^^^^^^^^^^^^^^^^
  File "/usr/local/lib/python3.11/site-packages/django/utils/decorators.py", line 46, in _wrapper
    return bound_method(*args, **kwargs)
           ^^^^^^^^^^^^^^^^^^^^^^^^^^^^^
  File "/usr/local/lib/python3.11/site-packages/django/utils/decorators.py", line 134, in _wrapper_view
    response = view_func(request, *args, **kwargs)
               ^^^^^^^^^^^^^^^^^^^^^^^^^^^^^^^^^^^
  File "/usr/local/lib/python3.11/site-packages/django/contrib/admin/options.py", line 2068, in changelist_view
    "selection_note": _("0 of %(cnt)s selected") % {"cnt": len(cl.result_list)},
                                                           ^^^^^^^^^^^^^^^^^^^
  File "/usr/local/lib/python3.11/site-packages/django/db/models/query.py", line 382, in __len__
    self._fetch_all()
  File "/usr/local/lib/python3.11/site-packages/django/db/models/query.py", line 1886, in _fetch_all
    self._result_cache = list(self._iterable_class(self))
                         ^^^^^^^^^^^^^^^^^^^^^^^^^^^^^^^^
  File "/usr/local/lib/python3.11/site-packages/django/db/models/query.py", line 93, in __iter__
    results = compiler.execute_sql(
              ^^^^^^^^^^^^^^^^^^^^^
  File "/usr/local/lib/python3.11/site-packages/django/db/models/sql/compiler.py", line 1562, in execute_sql
    cursor.execute(sql, params)
  File "/usr/local/lib/python3.11/site-packages/django/db/backends/utils.py", line 102, in execute
    return super().execute(sql, params)
           ^^^^^^^^^^^^^^^^^^^^^^^^^^^^
  File "/usr/local/lib/python3.11/site-packages/django/db/backends/utils.py", line 67, in execute
    return self._execute_with_wrappers(
           ^^^^^^^^^^^^^^^^^^^^^^^^^^^^
  File "/usr/local/lib/python3.11/site-packages/django/db/backends/utils.py", line 80, in _execute_with_wrappers
    return executor(sql, params, many, context)
           ^^^^^^^^^^^^^^^^^^^^^^^^^^^^^^^^^^^^
  File "/usr/local/lib/python3.11/site-packages/django/db/backends/utils.py", line 84, in _execute
    with self.db.wrap_database_errors:
  File "/usr/local/lib/python3.11/site-packages/django/db/utils.py", line 91, in __exit__
    raise dj_exc_value.with_traceback(traceback) from exc_value
  File "/usr/local/lib/python3.11/site-packages/django/db/backends/utils.py", line 89, in _execute
    return self.cursor.execute(sql, params)
           ^^^^^^^^^^^^^^^^^^^^^^^^^^^^^^^^
django.db.utils.ProgrammingError: column messenger_chatgroup.admin_id does not exist
LINE 1: ..._private", "messenger_chatgroup"."created_by_id", "messenger...
                                                             ^

"GET /admin/messenger/groupmembership/ HTTP/1.1" 500 162581
Internal Server Error: /admin/messenger/groupmembership/add/
Traceback (most recent call last):
  File "/usr/local/lib/python3.11/site-packages/django/db/backends/utils.py", line 89, in _execute
    return self.cursor.execute(sql, params)
           ^^^^^^^^^^^^^^^^^^^^^^^^^^^^^^^^
psycopg2.errors.UndefinedColumn: column messenger_chatgroup.admin_id does not exist
LINE 1: ..._private", "messenger_chatgroup"."created_by_id", "messenger...
                                                             ^


The above exception was the direct cause of the following exception:

Traceback (most recent call last):
  File "/usr/local/lib/python3.11/site-packages/django/db/models/sql/compiler.py", line 1562, in execute_sql
    cursor.execute(sql, params)
  File "/usr/local/lib/python3.11/site-packages/django/db/backends/utils.py", line 102, in execute
    return super().execute(sql, params)
           ^^^^^^^^^^^^^^^^^^^^^^^^^^^^
  File "/usr/local/lib/python3.11/site-packages/django/db/backends/utils.py", line 67, in execute
    return self._execute_with_wrappers(
           ^^^^^^^^^^^^^^^^^^^^^^^^^^^^
  File "/usr/local/lib/python3.11/site-packages/django/db/backends/utils.py", line 80, in _execute_with_wrappers
    return executor(sql, params, many, context)
           ^^^^^^^^^^^^^^^^^^^^^^^^^^^^^^^^^^^^
  File "/usr/local/lib/python3.11/site-packages/django/db/backends/utils.py", line 84, in _execute
    with self.db.wrap_database_errors:
  File "/usr/local/lib/python3.11/site-packages/django/db/utils.py", line 91, in __exit__
    raise dj_exc_value.with_traceback(traceback) from exc_value
  File "/usr/local/lib/python3.11/site-packages/django/db/backends/utils.py", line 89, in _execute
    return self.cursor.execute(sql, params)
           ^^^^^^^^^^^^^^^^^^^^^^^^^^^^^^^^
django.db.utils.ProgrammingError: column messenger_chatgroup.admin_id does not exist
LINE 1: ..._private", "messenger_chatgroup"."created_by_id", "messenger...
                                                             ^


During handling of the above exception, another exception occurred:

Traceback (most recent call last):
  File "/usr/local/lib/python3.11/site-packages/django/core/handlers/exception.py", line 55, in inner
    response = get_response(request)
               ^^^^^^^^^^^^^^^^^^^^^
  File "/usr/local/lib/python3.11/site-packages/django/core/handlers/base.py", line 220, in _get_response
    response = response.render()
               ^^^^^^^^^^^^^^^^^
  File "/usr/local/lib/python3.11/site-packages/django/template/response.py", line 114, in render
    self.content = self.rendered_content
                   ^^^^^^^^^^^^^^^^^^^^^
  File "/usr/local/lib/python3.11/site-packages/django/template/response.py", line 92, in rendered_content
    return template.render(context, self._request)
           ^^^^^^^^^^^^^^^^^^^^^^^^^^^^^^^^^^^^^^^
  File "/usr/local/lib/python3.11/site-packages/django/template/backends/django.py", line 61, in render
    return self.template.render(context)
           ^^^^^^^^^^^^^^^^^^^^^^^^^^^^^
  File "/usr/local/lib/python3.11/site-packages/django/template/base.py", line 175, in render
    return self._render(context)
           ^^^^^^^^^^^^^^^^^^^^^
  File "/usr/local/lib/python3.11/site-packages/django/template/base.py", line 167, in _render
    return self.nodelist.render(context)
           ^^^^^^^^^^^^^^^^^^^^^^^^^^^^^
  File "/usr/local/lib/python3.11/site-packages/django/template/base.py", line 1005, in render
    return SafeString("".join([node.render_annotated(context) for node in self]))
                              ^^^^^^^^^^^^^^^^^^^^^^^^^^^^^^^^^^^^^^^^^^^^^^^^^
  File "/usr/local/lib/python3.11/site-packages/django/template/base.py", line 1005, in <listcomp>
    return SafeString("".join([node.render_annotated(context) for node in self]))
                               ^^^^^^^^^^^^^^^^^^^^^^^^^^^^^^
  File "/usr/local/lib/python3.11/site-packages/django/template/base.py", line 966, in render_annotated
    return self.render(context)
           ^^^^^^^^^^^^^^^^^^^^
  File "/usr/local/lib/python3.11/site-packages/django/template/loader_tags.py", line 157, in render
    return compiled_parent._render(context)
           ^^^^^^^^^^^^^^^^^^^^^^^^^^^^^^^^
  File "/usr/local/lib/python3.11/site-packages/django/template/base.py", line 167, in _render
    return self.nodelist.render(context)
           ^^^^^^^^^^^^^^^^^^^^^^^^^^^^^
  File "/usr/local/lib/python3.11/site-packages/django/template/base.py", line 1005, in render
    return SafeString("".join([node.render_annotated(context) for node in self]))
                              ^^^^^^^^^^^^^^^^^^^^^^^^^^^^^^^^^^^^^^^^^^^^^^^^^
  File "/usr/local/lib/python3.11/site-packages/django/template/base.py", line 1005, in <listcomp>
    return SafeString("".join([node.render_annotated(context) for node in self]))
                               ^^^^^^^^^^^^^^^^^^^^^^^^^^^^^^
  File "/usr/local/lib/python3.11/site-packages/django/template/base.py", line 966, in render_annotated
    return self.render(context)
           ^^^^^^^^^^^^^^^^^^^^
  File "/usr/local/lib/python3.11/site-packages/django/template/loader_tags.py", line 157, in render
    return compiled_parent._render(context)
           ^^^^^^^^^^^^^^^^^^^^^^^^^^^^^^^^
  File "/usr/local/lib/python3.11/site-packages/django/template/base.py", line 167, in _render
    return self.nodelist.render(context)
           ^^^^^^^^^^^^^^^^^^^^^^^^^^^^^
  File "/usr/local/lib/python3.11/site-packages/django/template/base.py", line 1005, in render
    return SafeString("".join([node.render_annotated(context) for node in self]))
                              ^^^^^^^^^^^^^^^^^^^^^^^^^^^^^^^^^^^^^^^^^^^^^^^^^
  File "/usr/local/lib/python3.11/site-packages/django/template/base.py", line 1005, in <listcomp>
    return SafeString("".join([node.render_annotated(context) for node in self]))
                               ^^^^^^^^^^^^^^^^^^^^^^^^^^^^^^
  File "/usr/local/lib/python3.11/site-packages/django/template/base.py", line 966, in render_annotated
    return self.render(context)
           ^^^^^^^^^^^^^^^^^^^^
  File "/usr/local/lib/python3.11/site-packages/django/template/loader_tags.py", line 63, in render
    result = block.nodelist.render(context)
             ^^^^^^^^^^^^^^^^^^^^^^^^^^^^^^
  File "/usr/local/lib/python3.11/site-packages/django/template/base.py", line 1005, in render
    return SafeString("".join([node.render_annotated(context) for node in self]))
                              ^^^^^^^^^^^^^^^^^^^^^^^^^^^^^^^^^^^^^^^^^^^^^^^^^
  File "/usr/local/lib/python3.11/site-packages/django/template/base.py", line 1005, in <listcomp>
    return SafeString("".join([node.render_annotated(context) for node in self]))
                               ^^^^^^^^^^^^^^^^^^^^^^^^^^^^^^
  File "/usr/local/lib/python3.11/site-packages/django/template/base.py", line 966, in render_annotated
    return self.render(context)
           ^^^^^^^^^^^^^^^^^^^^
  File "/usr/local/lib/python3.11/site-packages/django/template/loader_tags.py", line 63, in render
    result = block.nodelist.render(context)
             ^^^^^^^^^^^^^^^^^^^^^^^^^^^^^^
  File "/usr/local/lib/python3.11/site-packages/django/template/base.py", line 1005, in render
    return SafeString("".join([node.render_annotated(context) for node in self]))
                              ^^^^^^^^^^^^^^^^^^^^^^^^^^^^^^^^^^^^^^^^^^^^^^^^^
  File "/usr/local/lib/python3.11/site-packages/django/template/base.py", line 1005, in <listcomp>
    return SafeString("".join([node.render_annotated(context) for node in self]))
                               ^^^^^^^^^^^^^^^^^^^^^^^^^^^^^^
  File "/usr/local/lib/python3.11/site-packages/django/template/base.py", line 966, in render_annotated
    return self.render(context)
           ^^^^^^^^^^^^^^^^^^^^
  File "/usr/local/lib/python3.11/site-packages/django/template/defaulttags.py", line 238, in render
    nodelist.append(node.render_annotated(context))
                    ^^^^^^^^^^^^^^^^^^^^^^^^^^^^^^
  File "/usr/local/lib/python3.11/site-packages/django/template/base.py", line 966, in render_annotated
    return self.render(context)
           ^^^^^^^^^^^^^^^^^^^^
  File "/usr/local/lib/python3.11/site-packages/django/template/loader_tags.py", line 208, in render
    return template.render(context)
           ^^^^^^^^^^^^^^^^^^^^^^^^
  File "/usr/local/lib/python3.11/site-packages/django/template/base.py", line 177, in render
    return self._render(context)
           ^^^^^^^^^^^^^^^^^^^^^
  File "/usr/local/lib/python3.11/site-packages/django/template/base.py", line 167, in _render
    return self.nodelist.render(context)
           ^^^^^^^^^^^^^^^^^^^^^^^^^^^^^
  File "/usr/local/lib/python3.11/site-packages/django/template/base.py", line 1005, in render
    return SafeString("".join([node.render_annotated(context) for node in self]))
                              ^^^^^^^^^^^^^^^^^^^^^^^^^^^^^^^^^^^^^^^^^^^^^^^^^
  File "/usr/local/lib/python3.11/site-packages/django/template/base.py", line 1005, in <listcomp>
    return SafeString("".join([node.render_annotated(context) for node in self]))
                               ^^^^^^^^^^^^^^^^^^^^^^^^^^^^^^
  File "/usr/local/lib/python3.11/site-packages/django/template/base.py", line 966, in render_annotated
    return self.render(context)
           ^^^^^^^^^^^^^^^^^^^^
  File "/usr/local/lib/python3.11/site-packages/django/template/defaulttags.py", line 238, in render
    nodelist.append(node.render_annotated(context))
                    ^^^^^^^^^^^^^^^^^^^^^^^^^^^^^^
  File "/usr/local/lib/python3.11/site-packages/django/template/base.py", line 966, in render_annotated
    return self.render(context)
           ^^^^^^^^^^^^^^^^^^^^
  File "/usr/local/lib/python3.11/site-packages/django/template/defaulttags.py", line 238, in render
    nodelist.append(node.render_annotated(context))
                    ^^^^^^^^^^^^^^^^^^^^^^^^^^^^^^
  File "/usr/local/lib/python3.11/site-packages/django/template/base.py", line 966, in render_annotated
    return self.render(context)
           ^^^^^^^^^^^^^^^^^^^^
  File "/usr/local/lib/python3.11/site-packages/django/template/defaulttags.py", line 321, in render
    return nodelist.render(context)
           ^^^^^^^^^^^^^^^^^^^^^^^^
  File "/usr/local/lib/python3.11/site-packages/django/template/base.py", line 1005, in render
    return SafeString("".join([node.render_annotated(context) for node in self]))
                              ^^^^^^^^^^^^^^^^^^^^^^^^^^^^^^^^^^^^^^^^^^^^^^^^^
  File "/usr/local/lib/python3.11/site-packages/django/template/base.py", line 1005, in <listcomp>
    return SafeString("".join([node.render_annotated(context) for node in self]))
                               ^^^^^^^^^^^^^^^^^^^^^^^^^^^^^^
  File "/usr/local/lib/python3.11/site-packages/django/template/base.py", line 966, in render_annotated
    return self.render(context)
           ^^^^^^^^^^^^^^^^^^^^
  File "/usr/local/lib/python3.11/site-packages/django/template/defaulttags.py", line 321, in render
    return nodelist.render(context)
           ^^^^^^^^^^^^^^^^^^^^^^^^
  File "/usr/local/lib/python3.11/site-packages/django/template/base.py", line 1005, in render
    return SafeString("".join([node.render_annotated(context) for node in self]))
                              ^^^^^^^^^^^^^^^^^^^^^^^^^^^^^^^^^^^^^^^^^^^^^^^^^
  File "/usr/local/lib/python3.11/site-packages/django/template/base.py", line 1005, in <listcomp>
    return SafeString("".join([node.render_annotated(context) for node in self]))
                               ^^^^^^^^^^^^^^^^^^^^^^^^^^^^^^
  File "/usr/local/lib/python3.11/site-packages/django/template/base.py", line 966, in render_annotated
    return self.render(context)
           ^^^^^^^^^^^^^^^^^^^^
  File "/usr/local/lib/python3.11/site-packages/django/template/base.py", line 1070, in render
    return render_value_in_context(output, context)
           ^^^^^^^^^^^^^^^^^^^^^^^^^^^^^^^^^^^^^^^^
  File "/usr/local/lib/python3.11/site-packages/django/template/base.py", line 1047, in render_value_in_context
    value = str(value)
            ^^^^^^^^^^
  File "/usr/local/lib/python3.11/site-packages/django/utils/html.py", line 480, in <lambda>
    klass.__str__ = lambda self: mark_safe(klass_str(self))
                                           ^^^^^^^^^^^^^^^
  File "/usr/local/lib/python3.11/site-packages/django/forms/boundfield.py", line 34, in __str__
    return self.as_widget()
           ^^^^^^^^^^^^^^^^
  File "/usr/local/lib/python3.11/site-packages/django/forms/boundfield.py", line 107, in as_widget
    return widget.render(
           ^^^^^^^^^^^^^^
  File "/usr/local/lib/python3.11/site-packages/django/forms/widgets.py", line 280, in render
    context = self.get_context(name, value, attrs)
              ^^^^^^^^^^^^^^^^^^^^^^^^^^^^^^^^^^^^
  File "/usr/local/lib/python3.11/site-packages/django/contrib/admin/widgets.py", line 320, in get_context
    "rendered_widget": self.widget.render(name, value, attrs),
                       ^^^^^^^^^^^^^^^^^^^^^^^^^^^^^^^^^^^^^^
  File "/usr/local/lib/python3.11/site-packages/django/forms/widgets.py", line 280, in render
    context = self.get_context(name, value, attrs)
              ^^^^^^^^^^^^^^^^^^^^^^^^^^^^^^^^^^^^
  File "/usr/local/lib/python3.11/site-packages/django/forms/widgets.py", line 758, in get_context
    context = super().get_context(name, value, attrs)
              ^^^^^^^^^^^^^^^^^^^^^^^^^^^^^^^^^^^^^^^
  File "/usr/local/lib/python3.11/site-packages/django/forms/widgets.py", line 717, in get_context
    context["widget"]["optgroups"] = self.optgroups(
                                     ^^^^^^^^^^^^^^^
  File "/usr/local/lib/python3.11/site-packages/django/forms/widgets.py", line 657, in optgroups
    for index, (option_value, option_label) in enumerate(self.choices):
  File "/usr/local/lib/python3.11/site-packages/django/forms/models.py", line 1403, in __iter__
    for obj in queryset:
  File "/usr/local/lib/python3.11/site-packages/django/db/models/query.py", line 518, in _iterator
    yield from iterable
  File "/usr/local/lib/python3.11/site-packages/django/db/models/query.py", line 93, in __iter__
    results = compiler.execute_sql(
              ^^^^^^^^^^^^^^^^^^^^^
  File "/usr/local/lib/python3.11/site-packages/django/db/models/sql/compiler.py", line 1565, in execute_sql
    cursor.close()
psycopg2.errors.InvalidCursorName: cursor "_django_curs_281473691808128_sync_2" does not exist

"GET /admin/messenger/groupmembership/add/ HTTP/1.1" 500 743379
/app/messenger/admin.py changed, reloading.
Watching for file changes with StatReloader
Internal Server Error: /admin/messenger/groupmembership/add/
Traceback (most recent call last):
  File "/usr/local/lib/python3.11/site-packages/django/db/backends/utils.py", line 89, in _execute
    return self.cursor.execute(sql, params)
           ^^^^^^^^^^^^^^^^^^^^^^^^^^^^^^^^
psycopg2.errors.UndefinedColumn: column messenger_chatgroup.admin_id does not exist
LINE 1: ..._private", "messenger_chatgroup"."created_by_id", "messenger...
                                                             ^


The above exception was the direct cause of the following exception:

Traceback (most recent call last):
  File "/usr/local/lib/python3.11/site-packages/django/db/models/sql/compiler.py", line 1562, in execute_sql
    cursor.execute(sql, params)
  File "/usr/local/lib/python3.11/site-packages/django/db/backends/utils.py", line 102, in execute
    return super().execute(sql, params)
           ^^^^^^^^^^^^^^^^^^^^^^^^^^^^
  File "/usr/local/lib/python3.11/site-packages/django/db/backends/utils.py", line 67, in execute
    return self._execute_with_wrappers(
           ^^^^^^^^^^^^^^^^^^^^^^^^^^^^
  File "/usr/local/lib/python3.11/site-packages/django/db/backends/utils.py", line 80, in _execute_with_wrappers
    return executor(sql, params, many, context)
           ^^^^^^^^^^^^^^^^^^^^^^^^^^^^^^^^^^^^
  File "/usr/local/lib/python3.11/site-packages/django/db/backends/utils.py", line 84, in _execute
    with self.db.wrap_database_errors:
  File "/usr/local/lib/python3.11/site-packages/django/db/utils.py", line 91, in __exit__
    raise dj_exc_value.with_traceback(traceback) from exc_value
  File "/usr/local/lib/python3.11/site-packages/django/db/backends/utils.py", line 89, in _execute
    return self.cursor.execute(sql, params)
           ^^^^^^^^^^^^^^^^^^^^^^^^^^^^^^^^
django.db.utils.ProgrammingError: column messenger_chatgroup.admin_id does not exist
LINE 1: ..._private", "messenger_chatgroup"."created_by_id", "messenger...
                                                             ^


During handling of the above exception, another exception occurred:

Traceback (most recent call last):
  File "/usr/local/lib/python3.11/site-packages/django/core/handlers/exception.py", line 55, in inner
    response = get_response(request)
               ^^^^^^^^^^^^^^^^^^^^^
  File "/usr/local/lib/python3.11/site-packages/django/core/handlers/base.py", line 220, in _get_response
    response = response.render()
               ^^^^^^^^^^^^^^^^^
  File "/usr/local/lib/python3.11/site-packages/django/template/response.py", line 114, in render
    self.content = self.rendered_content
                   ^^^^^^^^^^^^^^^^^^^^^
  File "/usr/local/lib/python3.11/site-packages/django/template/response.py", line 92, in rendered_content
    return template.render(context, self._request)
           ^^^^^^^^^^^^^^^^^^^^^^^^^^^^^^^^^^^^^^^
  File "/usr/local/lib/python3.11/site-packages/django/template/backends/django.py", line 61, in render
    return self.template.render(context)
           ^^^^^^^^^^^^^^^^^^^^^^^^^^^^^
  File "/usr/local/lib/python3.11/site-packages/django/template/base.py", line 175, in render
    return self._render(context)
           ^^^^^^^^^^^^^^^^^^^^^
  File "/usr/local/lib/python3.11/site-packages/django/template/base.py", line 167, in _render
    return self.nodelist.render(context)
           ^^^^^^^^^^^^^^^^^^^^^^^^^^^^^
  File "/usr/local/lib/python3.11/site-packages/django/template/base.py", line 1005, in render
    return SafeString("".join([node.render_annotated(context) for node in self]))
                              ^^^^^^^^^^^^^^^^^^^^^^^^^^^^^^^^^^^^^^^^^^^^^^^^^
  File "/usr/local/lib/python3.11/site-packages/django/template/base.py", line 1005, in <listcomp>
    return SafeString("".join([node.render_annotated(context) for node in self]))
                               ^^^^^^^^^^^^^^^^^^^^^^^^^^^^^^
  File "/usr/local/lib/python3.11/site-packages/django/template/base.py", line 966, in render_annotated
    return self.render(context)
           ^^^^^^^^^^^^^^^^^^^^
  File "/usr/local/lib/python3.11/site-packages/django/template/loader_tags.py", line 157, in render
    return compiled_parent._render(context)
           ^^^^^^^^^^^^^^^^^^^^^^^^^^^^^^^^
  File "/usr/local/lib/python3.11/site-packages/django/template/base.py", line 167, in _render
    return self.nodelist.render(context)
           ^^^^^^^^^^^^^^^^^^^^^^^^^^^^^
  File "/usr/local/lib/python3.11/site-packages/django/template/base.py", line 1005, in render
    return SafeString("".join([node.render_annotated(context) for node in self]))
                              ^^^^^^^^^^^^^^^^^^^^^^^^^^^^^^^^^^^^^^^^^^^^^^^^^
  File "/usr/local/lib/python3.11/site-packages/django/template/base.py", line 1005, in <listcomp>
    return SafeString("".join([node.render_annotated(context) for node in self]))
                               ^^^^^^^^^^^^^^^^^^^^^^^^^^^^^^
  File "/usr/local/lib/python3.11/site-packages/django/template/base.py", line 966, in render_annotated
    return self.render(context)
           ^^^^^^^^^^^^^^^^^^^^
  File "/usr/local/lib/python3.11/site-packages/django/template/loader_tags.py", line 157, in render
    return compiled_parent._render(context)
           ^^^^^^^^^^^^^^^^^^^^^^^^^^^^^^^^
  File "/usr/local/lib/python3.11/site-packages/django/template/base.py", line 167, in _render
    return self.nodelist.render(context)
           ^^^^^^^^^^^^^^^^^^^^^^^^^^^^^
  File "/usr/local/lib/python3.11/site-packages/django/template/base.py", line 1005, in render
    return SafeString("".join([node.render_annotated(context) for node in self]))
                              ^^^^^^^^^^^^^^^^^^^^^^^^^^^^^^^^^^^^^^^^^^^^^^^^^
  File "/usr/local/lib/python3.11/site-packages/django/template/base.py", line 1005, in <listcomp>
    return SafeString("".join([node.render_annotated(context) for node in self]))
                               ^^^^^^^^^^^^^^^^^^^^^^^^^^^^^^
  File "/usr/local/lib/python3.11/site-packages/django/template/base.py", line 966, in render_annotated
    return self.render(context)
           ^^^^^^^^^^^^^^^^^^^^
  File "/usr/local/lib/python3.11/site-packages/django/template/loader_tags.py", line 63, in render
    result = block.nodelist.render(context)
             ^^^^^^^^^^^^^^^^^^^^^^^^^^^^^^
  File "/usr/local/lib/python3.11/site-packages/django/template/base.py", line 1005, in render
    return SafeString("".join([node.render_annotated(context) for node in self]))
                              ^^^^^^^^^^^^^^^^^^^^^^^^^^^^^^^^^^^^^^^^^^^^^^^^^
  File "/usr/local/lib/python3.11/site-packages/django/template/base.py", line 1005, in <listcomp>
    return SafeString("".join([node.render_annotated(context) for node in self]))
                               ^^^^^^^^^^^^^^^^^^^^^^^^^^^^^^
  File "/usr/local/lib/python3.11/site-packages/django/template/base.py", line 966, in render_annotated
    return self.render(context)
           ^^^^^^^^^^^^^^^^^^^^
  File "/usr/local/lib/python3.11/site-packages/django/template/loader_tags.py", line 63, in render
    result = block.nodelist.render(context)
             ^^^^^^^^^^^^^^^^^^^^^^^^^^^^^^
  File "/usr/local/lib/python3.11/site-packages/django/template/base.py", line 1005, in render
    return SafeString("".join([node.render_annotated(context) for node in self]))
                              ^^^^^^^^^^^^^^^^^^^^^^^^^^^^^^^^^^^^^^^^^^^^^^^^^
  File "/usr/local/lib/python3.11/site-packages/django/template/base.py", line 1005, in <listcomp>
    return SafeString("".join([node.render_annotated(context) for node in self]))
                               ^^^^^^^^^^^^^^^^^^^^^^^^^^^^^^
  File "/usr/local/lib/python3.11/site-packages/django/template/base.py", line 966, in render_annotated
    return self.render(context)
           ^^^^^^^^^^^^^^^^^^^^
  File "/usr/local/lib/python3.11/site-packages/django/template/defaulttags.py", line 238, in render
    nodelist.append(node.render_annotated(context))
                    ^^^^^^^^^^^^^^^^^^^^^^^^^^^^^^
  File "/usr/local/lib/python3.11/site-packages/django/template/base.py", line 966, in render_annotated
    return self.render(context)
           ^^^^^^^^^^^^^^^^^^^^
  File "/usr/local/lib/python3.11/site-packages/django/template/loader_tags.py", line 208, in render
    return template.render(context)
           ^^^^^^^^^^^^^^^^^^^^^^^^
  File "/usr/local/lib/python3.11/site-packages/django/template/base.py", line 177, in render
    return self._render(context)
           ^^^^^^^^^^^^^^^^^^^^^
  File "/usr/local/lib/python3.11/site-packages/django/template/base.py", line 167, in _render
    return self.nodelist.render(context)
           ^^^^^^^^^^^^^^^^^^^^^^^^^^^^^
  File "/usr/local/lib/python3.11/site-packages/django/template/base.py", line 1005, in render
    return SafeString("".join([node.render_annotated(context) for node in self]))
                              ^^^^^^^^^^^^^^^^^^^^^^^^^^^^^^^^^^^^^^^^^^^^^^^^^
  File "/usr/local/lib/python3.11/site-packages/django/template/base.py", line 1005, in <listcomp>
    return SafeString("".join([node.render_annotated(context) for node in self]))
                               ^^^^^^^^^^^^^^^^^^^^^^^^^^^^^^
  File "/usr/local/lib/python3.11/site-packages/django/template/base.py", line 966, in render_annotated
    return self.render(context)
           ^^^^^^^^^^^^^^^^^^^^
  File "/usr/local/lib/python3.11/site-packages/django/template/defaulttags.py", line 238, in render
    nodelist.append(node.render_annotated(context))
                    ^^^^^^^^^^^^^^^^^^^^^^^^^^^^^^
  File "/usr/local/lib/python3.11/site-packages/django/template/base.py", line 966, in render_annotated
    return self.render(context)
           ^^^^^^^^^^^^^^^^^^^^
  File "/usr/local/lib/python3.11/site-packages/django/template/defaulttags.py", line 238, in render
    nodelist.append(node.render_annotated(context))
                    ^^^^^^^^^^^^^^^^^^^^^^^^^^^^^^
  File "/usr/local/lib/python3.11/site-packages/django/template/base.py", line 966, in render_annotated
    return self.render(context)
           ^^^^^^^^^^^^^^^^^^^^
  File "/usr/local/lib/python3.11/site-packages/django/template/defaulttags.py", line 321, in render
    return nodelist.render(context)
           ^^^^^^^^^^^^^^^^^^^^^^^^
  File "/usr/local/lib/python3.11/site-packages/django/template/base.py", line 1005, in render
    return SafeString("".join([node.render_annotated(context) for node in self]))
                              ^^^^^^^^^^^^^^^^^^^^^^^^^^^^^^^^^^^^^^^^^^^^^^^^^
  File "/usr/local/lib/python3.11/site-packages/django/template/base.py", line 1005, in <listcomp>
    return SafeString("".join([node.render_annotated(context) for node in self]))
                               ^^^^^^^^^^^^^^^^^^^^^^^^^^^^^^
  File "/usr/local/lib/python3.11/site-packages/django/template/base.py", line 966, in render_annotated
    return self.render(context)
           ^^^^^^^^^^^^^^^^^^^^
  File "/usr/local/lib/python3.11/site-packages/django/template/defaulttags.py", line 321, in render
    return nodelist.render(context)
           ^^^^^^^^^^^^^^^^^^^^^^^^
  File "/usr/local/lib/python3.11/site-packages/django/template/base.py", line 1005, in render
    return SafeString("".join([node.render_annotated(context) for node in self]))
                              ^^^^^^^^^^^^^^^^^^^^^^^^^^^^^^^^^^^^^^^^^^^^^^^^^
  File "/usr/local/lib/python3.11/site-packages/django/template/base.py", line 1005, in <listcomp>
    return SafeString("".join([node.render_annotated(context) for node in self]))
                               ^^^^^^^^^^^^^^^^^^^^^^^^^^^^^^
  File "/usr/local/lib/python3.11/site-packages/django/template/base.py", line 966, in render_annotated
    return self.render(context)
           ^^^^^^^^^^^^^^^^^^^^
  File "/usr/local/lib/python3.11/site-packages/django/template/base.py", line 1070, in render
    return render_value_in_context(output, context)
           ^^^^^^^^^^^^^^^^^^^^^^^^^^^^^^^^^^^^^^^^
  File "/usr/local/lib/python3.11/site-packages/django/template/base.py", line 1047, in render_value_in_context
    value = str(value)
            ^^^^^^^^^^
  File "/usr/local/lib/python3.11/site-packages/django/utils/html.py", line 480, in <lambda>
    klass.__str__ = lambda self: mark_safe(klass_str(self))
                                           ^^^^^^^^^^^^^^^
  File "/usr/local/lib/python3.11/site-packages/django/forms/boundfield.py", line 34, in __str__
    return self.as_widget()
           ^^^^^^^^^^^^^^^^
  File "/usr/local/lib/python3.11/site-packages/django/forms/boundfield.py", line 107, in as_widget
    return widget.render(
           ^^^^^^^^^^^^^^
  File "/usr/local/lib/python3.11/site-packages/django/forms/widgets.py", line 280, in render
    context = self.get_context(name, value, attrs)
              ^^^^^^^^^^^^^^^^^^^^^^^^^^^^^^^^^^^^
  File "/usr/local/lib/python3.11/site-packages/django/contrib/admin/widgets.py", line 320, in get_context
    "rendered_widget": self.widget.render(name, value, attrs),
                       ^^^^^^^^^^^^^^^^^^^^^^^^^^^^^^^^^^^^^^
  File "/usr/local/lib/python3.11/site-packages/django/forms/widgets.py", line 280, in render
    context = self.get_context(name, value, attrs)
              ^^^^^^^^^^^^^^^^^^^^^^^^^^^^^^^^^^^^
  File "/usr/local/lib/python3.11/site-packages/django/forms/widgets.py", line 758, in get_context
    context = super().get_context(name, value, attrs)
              ^^^^^^^^^^^^^^^^^^^^^^^^^^^^^^^^^^^^^^^
  File "/usr/local/lib/python3.11/site-packages/django/forms/widgets.py", line 717, in get_context
    context["widget"]["optgroups"] = self.optgroups(
                                     ^^^^^^^^^^^^^^^
  File "/usr/local/lib/python3.11/site-packages/django/forms/widgets.py", line 657, in optgroups
    for index, (option_value, option_label) in enumerate(self.choices):
  File "/usr/local/lib/python3.11/site-packages/django/forms/models.py", line 1403, in __iter__
    for obj in queryset:
  File "/usr/local/lib/python3.11/site-packages/django/db/models/query.py", line 518, in _iterator
    yield from iterable
  File "/usr/local/lib/python3.11/site-packages/django/db/models/query.py", line 93, in __iter__
    results = compiler.execute_sql(
              ^^^^^^^^^^^^^^^^^^^^^
  File "/usr/local/lib/python3.11/site-packages/django/db/models/sql/compiler.py", line 1565, in execute_sql
    cursor.close()
psycopg2.errors.InvalidCursorName: cursor "_django_curs_281473059058048_sync_2" does not exist

"GET /admin/messenger/groupmembership/add/ HTTP/1.1" 500 742436
"GET /admin/ HTTP/1.1" 200 16376
"GET /api/swagger/ HTTP/1.1" 200 4653
"GET /api/schema/ HTTP/1.1" 200 210540
"GET /api/schema/ HTTP/1.1" 200 96338
Internal Server Error: /admin/messenger/groupmembership/
Traceback (most recent call last):
  File "/usr/local/lib/python3.11/site-packages/django/db/backends/utils.py", line 89, in _execute
    return self.cursor.execute(sql, params)
           ^^^^^^^^^^^^^^^^^^^^^^^^^^^^^^^^
psycopg2.errors.UndefinedColumn: column messenger_chatgroup.admin_id does not exist
LINE 1: ..._private", "messenger_chatgroup"."created_by_id", "messenger...
                                                             ^


The above exception was the direct cause of the following exception:

Traceback (most recent call last):
  File "/usr/local/lib/python3.11/site-packages/django/core/handlers/exception.py", line 55, in inner
    response = get_response(request)
               ^^^^^^^^^^^^^^^^^^^^^
  File "/usr/local/lib/python3.11/site-packages/django/core/handlers/base.py", line 197, in _get_response
    response = wrapped_callback(request, *callback_args, **callback_kwargs)
               ^^^^^^^^^^^^^^^^^^^^^^^^^^^^^^^^^^^^^^^^^^^^^^^^^^^^^^^^^^^^
  File "/usr/local/lib/python3.11/site-packages/django/contrib/admin/options.py", line 689, in wrapper
    return self.admin_site.admin_view(view)(*args, **kwargs)
           ^^^^^^^^^^^^^^^^^^^^^^^^^^^^^^^^^^^^^^^^^^^^^^^^^
  File "/usr/local/lib/python3.11/site-packages/django/utils/decorators.py", line 134, in _wrapper_view
    response = view_func(request, *args, **kwargs)
               ^^^^^^^^^^^^^^^^^^^^^^^^^^^^^^^^^^^
  File "/usr/local/lib/python3.11/site-packages/django/views/decorators/cache.py", line 62, in _wrapper_view_func
    response = view_func(request, *args, **kwargs)
               ^^^^^^^^^^^^^^^^^^^^^^^^^^^^^^^^^^^
  File "/usr/local/lib/python3.11/site-packages/django/contrib/admin/sites.py", line 242, in inner
    return view(request, *args, **kwargs)
           ^^^^^^^^^^^^^^^^^^^^^^^^^^^^^^
  File "/usr/local/lib/python3.11/site-packages/django/utils/decorators.py", line 46, in _wrapper
    return bound_method(*args, **kwargs)
           ^^^^^^^^^^^^^^^^^^^^^^^^^^^^^
  File "/usr/local/lib/python3.11/site-packages/django/utils/decorators.py", line 134, in _wrapper_view
    response = view_func(request, *args, **kwargs)
               ^^^^^^^^^^^^^^^^^^^^^^^^^^^^^^^^^^^
  File "/usr/local/lib/python3.11/site-packages/django/contrib/admin/options.py", line 2068, in changelist_view
    "selection_note": _("0 of %(cnt)s selected") % {"cnt": len(cl.result_list)},
                                                           ^^^^^^^^^^^^^^^^^^^
  File "/usr/local/lib/python3.11/site-packages/django/db/models/query.py", line 382, in __len__
    self._fetch_all()
  File "/usr/local/lib/python3.11/site-packages/django/db/models/query.py", line 1886, in _fetch_all
    self._result_cache = list(self._iterable_class(self))
                         ^^^^^^^^^^^^^^^^^^^^^^^^^^^^^^^^
  File "/usr/local/lib/python3.11/site-packages/django/db/models/query.py", line 93, in __iter__
    results = compiler.execute_sql(
              ^^^^^^^^^^^^^^^^^^^^^
  File "/usr/local/lib/python3.11/site-packages/django/db/models/sql/compiler.py", line 1562, in execute_sql
    cursor.execute(sql, params)
  File "/usr/local/lib/python3.11/site-packages/django/db/backends/utils.py", line 102, in execute
    return super().execute(sql, params)
           ^^^^^^^^^^^^^^^^^^^^^^^^^^^^
  File "/usr/local/lib/python3.11/site-packages/django/db/backends/utils.py", line 67, in execute
    return self._execute_with_wrappers(
           ^^^^^^^^^^^^^^^^^^^^^^^^^^^^
  File "/usr/local/lib/python3.11/site-packages/django/db/backends/utils.py", line 80, in _execute_with_wrappers
    return executor(sql, params, many, context)
           ^^^^^^^^^^^^^^^^^^^^^^^^^^^^^^^^^^^^
  File "/usr/local/lib/python3.11/site-packages/django/db/backends/utils.py", line 84, in _execute
    with self.db.wrap_database_errors:
  File "/usr/local/lib/python3.11/site-packages/django/db/utils.py", line 91, in __exit__
    raise dj_exc_value.with_traceback(traceback) from exc_value
  File "/usr/local/lib/python3.11/site-packages/django/db/backends/utils.py", line 89, in _execute
    return self.cursor.execute(sql, params)
           ^^^^^^^^^^^^^^^^^^^^^^^^^^^^^^^^
django.db.utils.ProgrammingError: column messenger_chatgroup.admin_id does not exist
LINE 1: ..._private", "messenger_chatgroup"."created_by_id", "messenger...
                                                             ^

"GET /admin/messenger/groupmembership/ HTTP/1.1" 500 162551
"GET /admin/ HTTP/1.1" 200 16376
Internal Server Error: /admin/messenger/chatgroup/
Traceback (most recent call last):
  File "/usr/local/lib/python3.11/site-packages/django/db/backends/utils.py", line 89, in _execute
    return self.cursor.execute(sql, params)
           ^^^^^^^^^^^^^^^^^^^^^^^^^^^^^^^^
psycopg2.errors.UndefinedColumn: column messenger_chatgroup.admin_id does not exist
LINE 1: ..._private", "messenger_chatgroup"."created_by_id", "messenger...
                                                             ^


The above exception was the direct cause of the following exception:

Traceback (most recent call last):
  File "/usr/local/lib/python3.11/site-packages/django/core/handlers/exception.py", line 55, in inner
    response = get_response(request)
               ^^^^^^^^^^^^^^^^^^^^^
  File "/usr/local/lib/python3.11/site-packages/django/core/handlers/base.py", line 197, in _get_response
    response = wrapped_callback(request, *callback_args, **callback_kwargs)
               ^^^^^^^^^^^^^^^^^^^^^^^^^^^^^^^^^^^^^^^^^^^^^^^^^^^^^^^^^^^^
  File "/usr/local/lib/python3.11/site-packages/django/contrib/admin/options.py", line 689, in wrapper
    return self.admin_site.admin_view(view)(*args, **kwargs)
           ^^^^^^^^^^^^^^^^^^^^^^^^^^^^^^^^^^^^^^^^^^^^^^^^^
  File "/usr/local/lib/python3.11/site-packages/django/utils/decorators.py", line 134, in _wrapper_view
    response = view_func(request, *args, **kwargs)
               ^^^^^^^^^^^^^^^^^^^^^^^^^^^^^^^^^^^
  File "/usr/local/lib/python3.11/site-packages/django/views/decorators/cache.py", line 62, in _wrapper_view_func
    response = view_func(request, *args, **kwargs)
               ^^^^^^^^^^^^^^^^^^^^^^^^^^^^^^^^^^^
  File "/usr/local/lib/python3.11/site-packages/django/contrib/admin/sites.py", line 242, in inner
    return view(request, *args, **kwargs)
           ^^^^^^^^^^^^^^^^^^^^^^^^^^^^^^
  File "/usr/local/lib/python3.11/site-packages/django/utils/decorators.py", line 46, in _wrapper
    return bound_method(*args, **kwargs)
           ^^^^^^^^^^^^^^^^^^^^^^^^^^^^^
  File "/usr/local/lib/python3.11/site-packages/django/utils/decorators.py", line 134, in _wrapper_view
    response = view_func(request, *args, **kwargs)
               ^^^^^^^^^^^^^^^^^^^^^^^^^^^^^^^^^^^
  File "/usr/local/lib/python3.11/site-packages/django/contrib/admin/options.py", line 2068, in changelist_view
    "selection_note": _("0 of %(cnt)s selected") % {"cnt": len(cl.result_list)},
                                                           ^^^^^^^^^^^^^^^^^^^
  File "/usr/local/lib/python3.11/site-packages/django/db/models/query.py", line 382, in __len__
    self._fetch_all()
  File "/usr/local/lib/python3.11/site-packages/django/db/models/query.py", line 1886, in _fetch_all
    self._result_cache = list(self._iterable_class(self))
                         ^^^^^^^^^^^^^^^^^^^^^^^^^^^^^^^^
  File "/usr/local/lib/python3.11/site-packages/django/db/models/query.py", line 93, in __iter__
    results = compiler.execute_sql(
              ^^^^^^^^^^^^^^^^^^^^^
  File "/usr/local/lib/python3.11/site-packages/django/db/models/sql/compiler.py", line 1562, in execute_sql
    cursor.execute(sql, params)
  File "/usr/local/lib/python3.11/site-packages/django/db/backends/utils.py", line 102, in execute
    return super().execute(sql, params)
           ^^^^^^^^^^^^^^^^^^^^^^^^^^^^
  File "/usr/local/lib/python3.11/site-packages/django/db/backends/utils.py", line 67, in execute
    return self._execute_with_wrappers(
           ^^^^^^^^^^^^^^^^^^^^^^^^^^^^
  File "/usr/local/lib/python3.11/site-packages/django/db/backends/utils.py", line 80, in _execute_with_wrappers
    return executor(sql, params, many, context)
           ^^^^^^^^^^^^^^^^^^^^^^^^^^^^^^^^^^^^
  File "/usr/local/lib/python3.11/site-packages/django/db/backends/utils.py", line 84, in _execute
    with self.db.wrap_database_errors:
  File "/usr/local/lib/python3.11/site-packages/django/db/utils.py", line 91, in __exit__
    raise dj_exc_value.with_traceback(traceback) from exc_value
  File "/usr/local/lib/python3.11/site-packages/django/db/backends/utils.py", line 89, in _execute
    return self.cursor.execute(sql, params)
           ^^^^^^^^^^^^^^^^^^^^^^^^^^^^^^^^
django.db.utils.ProgrammingError: column messenger_chatgroup.admin_id does not exist
LINE 1: ..._private", "messenger_chatgroup"."created_by_id", "messenger...
                                                             ^

"GET /admin/messenger/chatgroup/ HTTP/1.1" 500 152300
"GET /admin/ HTTP/1.1" 200 16376
"GET /admin/courses/lesson/ HTTP/1.1" 200 19701
"GET /admin/jsi18n/ HTTP/1.1" 200 16066
Internal Server Error: /admin/messenger/channel/
Traceback (most recent call last):
  File "/usr/local/lib/python3.11/site-packages/django/db/backends/utils.py", line 89, in _execute
    return self.cursor.execute(sql, params)
           ^^^^^^^^^^^^^^^^^^^^^^^^^^^^^^^^
psycopg2.errors.UndefinedTable: relation "messenger_channel" does not exist
LINE 1: SELECT COUNT(*) AS "__count" FROM "messenger_channel"
                                          ^


The above exception was the direct cause of the following exception:

Traceback (most recent call last):
  File "/usr/local/lib/python3.11/site-packages/django/core/handlers/exception.py", line 55, in inner
    response = get_response(request)
               ^^^^^^^^^^^^^^^^^^^^^
  File "/usr/local/lib/python3.11/site-packages/django/core/handlers/base.py", line 197, in _get_response
    response = wrapped_callback(request, *callback_args, **callback_kwargs)
               ^^^^^^^^^^^^^^^^^^^^^^^^^^^^^^^^^^^^^^^^^^^^^^^^^^^^^^^^^^^^
  File "/usr/local/lib/python3.11/site-packages/django/contrib/admin/options.py", line 689, in wrapper
    return self.admin_site.admin_view(view)(*args, **kwargs)
           ^^^^^^^^^^^^^^^^^^^^^^^^^^^^^^^^^^^^^^^^^^^^^^^^^
  File "/usr/local/lib/python3.11/site-packages/django/utils/decorators.py", line 134, in _wrapper_view
    response = view_func(request, *args, **kwargs)
               ^^^^^^^^^^^^^^^^^^^^^^^^^^^^^^^^^^^
  File "/usr/local/lib/python3.11/site-packages/django/views/decorators/cache.py", line 62, in _wrapper_view_func
    response = view_func(request, *args, **kwargs)
               ^^^^^^^^^^^^^^^^^^^^^^^^^^^^^^^^^^^
  File "/usr/local/lib/python3.11/site-packages/django/contrib/admin/sites.py", line 242, in inner
    return view(request, *args, **kwargs)
           ^^^^^^^^^^^^^^^^^^^^^^^^^^^^^^
  File "/usr/local/lib/python3.11/site-packages/django/utils/decorators.py", line 46, in _wrapper
    return bound_method(*args, **kwargs)
           ^^^^^^^^^^^^^^^^^^^^^^^^^^^^^
  File "/usr/local/lib/python3.11/site-packages/django/utils/decorators.py", line 134, in _wrapper_view
    response = view_func(request, *args, **kwargs)
               ^^^^^^^^^^^^^^^^^^^^^^^^^^^^^^^^^^^
  File "/usr/local/lib/python3.11/site-packages/django/contrib/admin/options.py", line 1927, in changelist_view
    cl = self.get_changelist_instance(request)
         ^^^^^^^^^^^^^^^^^^^^^^^^^^^^^^^^^^^^^
  File "/usr/local/lib/python3.11/site-packages/django/contrib/admin/options.py", line 837, in get_changelist_instance
    return ChangeList(
           ^^^^^^^^^^^
  File "/usr/local/lib/python3.11/site-packages/django/contrib/admin/views/main.py", line 123, in __init__
    self.get_results(request)
  File "/usr/local/lib/python3.11/site-packages/django/contrib/admin/views/main.py", line 279, in get_results
    result_count = paginator.count
                   ^^^^^^^^^^^^^^^
  File "/usr/local/lib/python3.11/site-packages/django/utils/functional.py", line 57, in __get__
    res = instance.__dict__[self.name] = self.func(instance)
                                         ^^^^^^^^^^^^^^^^^^^
  File "/usr/local/lib/python3.11/site-packages/django/core/paginator.py", line 93, in count
    return c()
           ^^^
  File "/usr/local/lib/python3.11/site-packages/django/db/models/query.py", line 610, in count
    return self.query.get_count(using=self.db)
           ^^^^^^^^^^^^^^^^^^^^^^^^^^^^^^^^^^^
  File "/usr/local/lib/python3.11/site-packages/django/db/models/sql/query.py", line 570, in get_count
    return obj.get_aggregation(using, {"__count": Count("*")})["__count"]
           ^^^^^^^^^^^^^^^^^^^^^^^^^^^^^^^^^^^^^^^^^^^^^^^^^^^
  File "/usr/local/lib/python3.11/site-packages/django/db/models/sql/query.py", line 556, in get_aggregation
    result = compiler.execute_sql(SINGLE)
             ^^^^^^^^^^^^^^^^^^^^^^^^^^^^
  File "/usr/local/lib/python3.11/site-packages/django/db/models/sql/compiler.py", line 1562, in execute_sql
    cursor.execute(sql, params)
  File "/usr/local/lib/python3.11/site-packages/django/db/backends/utils.py", line 102, in execute
    return super().execute(sql, params)
           ^^^^^^^^^^^^^^^^^^^^^^^^^^^^
  File "/usr/local/lib/python3.11/site-packages/django/db/backends/utils.py", line 67, in execute
    return self._execute_with_wrappers(
           ^^^^^^^^^^^^^^^^^^^^^^^^^^^^
  File "/usr/local/lib/python3.11/site-packages/django/db/backends/utils.py", line 80, in _execute_with_wrappers
    return executor(sql, params, many, context)
           ^^^^^^^^^^^^^^^^^^^^^^^^^^^^^^^^^^^^
  File "/usr/local/lib/python3.11/site-packages/django/db/backends/utils.py", line 84, in _execute
    with self.db.wrap_database_errors:
  File "/usr/local/lib/python3.11/site-packages/django/db/utils.py", line 91, in __exit__
    raise dj_exc_value.with_traceback(traceback) from exc_value
  File "/usr/local/lib/python3.11/site-packages/django/db/backends/utils.py", line 89, in _execute
    return self.cursor.execute(sql, params)
           ^^^^^^^^^^^^^^^^^^^^^^^^^^^^^^^^
django.db.utils.ProgrammingError: relation "messenger_channel" does not exist
LINE 1: SELECT COUNT(*) AS "__count" FROM "messenger_channel"
                                          ^

"GET /admin/messenger/channel/ HTTP/1.1" 500 172827
"GET /admin/messenger/channel/ HTTP/1.1" 200 14129
"GET /admin/jsi18n/ HTTP/1.1" 200 16066
"GET /admin/messenger/chatgroup/ HTTP/1.1" 200 18391
"GET /admin/jsi18n/ HTTP/1.1" 200 16066
"GET /admin/messenger/chatgroup/1/change/ HTTP/1.1" 200 20291
"GET /admin/jsi18n/ HTTP/1.1" 200 16066
"POST /admin/messenger/chatgroup/1/change/ HTTP/1.1" 302 0
"GET /admin/messenger/chatgroup/ HTTP/1.1" 200 18681
"GET /admin/jsi18n/ HTTP/1.1" 200 16066
"GET /admin/messenger/chatgroup/4/change/ HTTP/1.1" 200 20079
"GET /admin/jsi18n/ HTTP/1.1" 200 16066
"POST /admin/messenger/chatgroup/4/change/ HTTP/1.1" 302 0
"GET /admin/messenger/chatgroup/ HTTP/1.1" 200 18670
"GET /admin/jsi18n/ HTTP/1.1" 200 16066
"GET /admin/messenger/chatgroup/3/change/ HTTP/1.1" 200 20083
"GET /admin/jsi18n/ HTTP/1.1" 200 16066
"POST /admin/messenger/chatgroup/3/change/ HTTP/1.1" 302 0
"GET /admin/messenger/chatgroup/ HTTP/1.1" 200 18693
"GET /admin/jsi18n/ HTTP/1.1" 200 16066
"GET /admin/messenger/chatgroup/2/change/ HTTP/1.1" 200 20083
"GET /admin/jsi18n/ HTTP/1.1" 200 16066
"POST /admin/messenger/chatgroup/2/change/ HTTP/1.1" 302 0
"GET /admin/messenger/chatgroup/ HTTP/1.1" 200 18715
"GET /admin/jsi18n/ HTTP/1.1" 200 16066
"GET /api/users/me/ HTTP/1.1" 200 219
"GET /api/users/me/ HTTP/1.1" 200 219
"GET /api/subjects/ HTTP/1.1" 200 1156
"GET /api/users/me/ HTTP/1.1" 200 219
"GET /api/users/me/ HTTP/1.1" 200 219
"GET /api/subjects/ HTTP/1.1" 200 1156
"GET /api/users/me/ HTTP/1.1" 200 219
"GET /api/users/me/ HTTP/1.1" 200 219
"GET /api/subjects/ HTTP/1.1" 200 1156
"GET /api/users/me/ HTTP/1.1" 200 219
"GET /api/subjects/ HTTP/1.1" 200 1156
"GET /api/users/me/ HTTP/1.1" 200 219
"GET /api/messenger/channels/ HTTP/1.1" 200 52
"GET /api/schedule/?day=1 HTTP/1.1" 200 1186
"GET /api/messenger/groups/ HTTP/1.1" 200 1644
"GET /api/users/me/ HTTP/1.1" 200 219
"GET /api/messenger/channels/ HTTP/1.1" 200 52
"GET /api/users/me/ HTTP/1.1" 200 219
"GET /api/subjects/ HTTP/1.1" 200 1156
"GET /api/schedule/?day=1 HTTP/1.1" 200 1186
"GET /api/messenger/groups/ HTTP/1.1" 200 1644
"GET /api/messenger/groups/1/ HTTP/1.1" 200 1448
"GET /api/messenger/groups/1/messages/ HTTP/1.1" 200 481
"GET /api/messenger/groups/2/ HTTP/1.1" 200 1158
"GET /api/messenger/groups/2/messages/ HTTP/1.1" 200 2
"GET /api/courses/ HTTP/1.1" 200 1030
"GET /api/messenger/groups/2/ HTTP/1.1" 200 1158
"GET /api/messenger/groups/2/messages/ HTTP/1.1" 200 2
"GET /api/messenger/groups/2/ HTTP/1.1" 200 1158
"GET /api/messenger/groups/2/messages/ HTTP/1.1" 200 2
"GET /api/users/me/ HTTP/1.1" 200 219
"GET /api/subjects/ HTTP/1.1" 200 1156
"GET /api/messenger/channels/ HTTP/1.1" 200 52
"GET /api/users/me/ HTTP/1.1" 200 219
"GET /api/messenger/groups/ HTTP/1.1" 200 1644
"GET /api/schedule/?day=1 HTTP/1.1" 200 1186
"GET /api/messenger/groups/2/ HTTP/1.1" 200 1158
"GET /api/messenger/groups/2/messages/ HTTP/1.1" 200 2
"GET /api/messenger/groups/1/ HTTP/1.1" 200 1448
"GET /api/messenger/groups/1/messages/ HTTP/1.1" 200 481
"GET /api/users/me/ HTTP/1.1" 200 219
"GET /api/subjects/ HTTP/1.1" 200 1156
"GET /api/users/me/ HTTP/1.1" 200 219
"GET /api/messenger/groups/ HTTP/1.1" 200 1644
"GET /api/schedule/?day=1 HTTP/1.1" 200 1186
"GET /api/messenger/channels/ HTTP/1.1" 200 52
"GET /api/messenger/groups/2/ HTTP/1.1" 200 1158
"GET /api/messenger/groups/2/messages/ HTTP/1.1" 200 2
"GET /api/users/me/ HTTP/1.1" 200 219
"GET /api/messenger/channels/ HTTP/1.1" 200 52
"GET /api/users/me/ HTTP/1.1" 200 219
"GET /api/subjects/ HTTP/1.1" 200 1156
"GET /api/schedule/?day=1 HTTP/1.1" 200 1186
"GET /api/messenger/groups/ HTTP/1.1" 200 1644
"GET /api/messenger/groups/2/ HTTP/1.1" 200 1158
"GET /api/messenger/groups/2/messages/ HTTP/1.1" 200 2
"GET /api/messenger/groups/2/ HTTP/1.1" 200 1158
"GET /api/messenger/groups/2/messages/ HTTP/1.1" 200 2
"GET /api/users/me/ HTTP/1.1" 200 219
"GET /api/subjects/ HTTP/1.1" 200 1156
"GET /api/messenger/channels/ HTTP/1.1" 200 52
"GET /api/users/me/ HTTP/1.1" 200 219
"GET /api/schedule/?day=1 HTTP/1.1" 200 1186
"GET /api/messenger/groups/ HTTP/1.1" 200 1644
"GET /api/messenger/groups/2/ HTTP/1.1" 200 1158
"GET /api/messenger/groups/2/messages/ HTTP/1.1" 200 2
Bad Request: /api/messenger/groups/2/messages/
"POST /api/messenger/groups/2/messages/ HTTP/1.1" 400 121
"GET /api/messenger/groups/2/ HTTP/1.1" 200 1158
"GET /api/messenger/groups/2/messages/ HTTP/1.1" 200 2
Bad Request: /api/messenger/groups/2/messages/
"POST /api/messenger/groups/2/messages/ HTTP/1.1" 400 121
"GET /api/users/me/ HTTP/1.1" 200 219
"GET /api/users/me/ HTTP/1.1" 200 219
"GET /api/messenger/channels/ HTTP/1.1" 200 52
"GET /api/subjects/ HTTP/1.1" 200 1156
"GET /api/messenger/groups/ HTTP/1.1" 200 1644
"GET /api/schedule/?day=1 HTTP/1.1" 200 1186
Not Found: /v1/api/show
Not Found: /v1/api/show
"POST /v1/api/show HTTP/1.1" 404 4521
Not Found: /v1/api/show
"POST /v1/api/show HTTP/1.1" 404 4521
Not Found: /v1/api/show
"POST /v1/api/show HTTP/1.1" 404 4521
"POST /v1/api/show HTTP/1.1" 404 4521
Not Found: /v1/api/show
Not Found: /v1/api/show
"POST /v1/api/show HTTP/1.1" 404 4521
"POST /v1/api/show HTTP/1.1" 404 4521
Not Found: /v1/api/show
"POST /v1/api/show HTTP/1.1" 404 4521
Not Found: /v1/api/show
"POST /v1/api/show HTTP/1.1" 404 4521
/app/progress/models.py changed, reloading.
Watching for file changes with StatReloader
/app/progress/models.py changed, reloading.
Watching for file changes with StatReloader
/app/progress/serializers.py changed, reloading.
Watching for file changes with StatReloader
/app/progress/serializers.py changed, reloading.
Watching for file changes with StatReloader
/app/progress/serializers.py changed, reloading.
Watching for file changes with StatReloader
/app/progress/serializers.py changed, reloading.
Watching for file changes with StatReloader
/app/progress/admin.py changed, reloading.
Watching for file changes with StatReloader
/app/progress/serializers.py changed, reloading.
Watching for file changes with StatReloader
/app/progress/serializers.py changed, reloading.
Watching for file changes with StatReloader
/app/progress/serializers.py changed, reloading.
Watching for file changes with StatReloader
/app/progress/serializers.py changed, reloading.
Watching for file changes with StatReloader
/app/api/views.py changed, reloading.
Watching for file changes with StatReloader
/app/api/urls.py changed, reloading.
Watching for file changes with StatReloader
/app/api/apps.py changed, reloading.
Watching for file changes with StatReloader
/app/api/admin.py changed, reloading.
Watching for file changes with StatReloader
/app/users/views.py changed, reloading.
Watching for file changes with StatReloader
/app/users/views.py changed, reloading.
Watching for file changes with StatReloader
/app/users/urls.py changed, reloading.
Watching for file changes with StatReloader
/app/api/views.py changed, reloading.
Watching for file changes with StatReloader
/app/api/serializers.py changed, reloading.
Watching for file changes with StatReloader
